gen,evals,hypervol,dist_diag,time,firts_front,avg,std,min,max
0,250,439363285815.4402,361.6275237670637,0.09200644493103027,9,[6652.368 6765.52  6782.3  ],[365.33055796 384.88220743 376.01973618],[5430. 5357. 5504.],[7554. 7637. 7658.]
1,250,439363285815.4402,413.67266080501275,0.3305339813232422,13,[6875.076 7025.244 7026.332],[242.54477159 269.07649556 240.22923589],[6043. 6108. 6386.],[7554. 7865. 7658.]
2,250,439363285815.4402,375.42986286093844,0.2980227470397949,17,[6987.66  7180.6   7164.576],[236.1246459  264.99302632 213.31373192],[6261. 6232. 6645.],[7554. 7865. 7658.]
3,250,439363285815.4402,281.07456359421195,0.297529935836792,15,[7078.356 7311.924 7267.424],[240.55380534 238.99475773 195.06178566],[6163. 6618. 6699.],[7601. 8223. 7735.]
4,250,439363285815.4402,358.0383223329165,0.29995298385620117,18,[7183.172 7416.408 7352.776],[236.08208406 243.53569253 209.38679477],[6163. 6618. 6779.],[7669. 8223. 7889.]
5,250,439363285815.4402,415.37687520785875,0.2850205898284912,20,[7234.92  7513.588 7449.652],[241.00299085 236.06609722 208.58226889],[6507. 6887. 6799.],[7874. 8223. 8014.]
6,250,439363285815.4402,414.1144511357104,0.2610206604003906,22,[7301.604 7579.952 7512.22 ],[243.81307427 242.3041182  217.00728928],[6507. 6754. 6799.],[7874. 8223. 8101.]
7,250,439363285815.4402,398.02223257067936,0.26882290840148926,14,[7386.412 7621.264 7603.224],[246.71430087 253.89130411 220.99438415],[6560. 6706. 7059.],[8003. 8223. 8179.]
8,250,439363285815.4402,410.3008189089837,0.2635221481323242,19,[7447.452 7687.176 7699.396],[257.97266463 258.84414041 195.06384387],[6560. 6706. 7131.],[8051. 8223. 8179.]
9,250,439363285815.4402,371.6426112994274,0.25201869010925293,12,[7535.048 7750.048 7779.448],[240.59098424 246.93984226 197.91123085],[6852. 7196. 7290.],[8179. 8393. 8281.]
10,250,566212081780.9099,365.6593810216468,0.29643726348876953,14,[7596.792 7806.888 7812.508],[244.60650183 248.63088194 221.03469849],[6852. 7196. 7045.],[8179. 8393. 8281.]
11,250,566212081780.9099,392.6587439534167,0.2850191593170166,20,[7670.792 7808.324 7879.424],[238.84992095 275.27495168 219.49045588],[7021. 7196. 7045.],[8193. 8398. 8377.]
12,250,566212081780.9099,413.7121766505629,0.2779664993286133,19,[7717.392 7864.704 7930.272],[248.73696616 277.3448402  217.63655487],[7021. 7157. 7045.],[8244. 8398. 8380.]
13,250,566212081780.9099,401.129520521763,0.28810811042785645,22,[7758.016 7917.404 7980.184],[232.61069568 254.65187371 198.90686802],[7021. 7157. 7206.],[8334. 8555. 8518.]
14,250,566212081780.9099,371.8105135688262,0.2630198001861572,33,[7793.892 7967.82  8010.604],[235.95959047 248.37430543 216.41929485],[7067. 7128. 7206.],[8334. 8555. 8518.]
15,250,566212081780.9099,449.3962992987223,0.2580246925354004,28,[7829.404 7991.912 8045.964],[237.43654475 258.4483551  224.04707252],[7112. 7128. 7217.],[8334. 8637. 8518.]
16,250,566212081780.9099,345.76343442122874,0.30402231216430664,21,[7890.94  8028.752 8054.728],[228.05318766 269.00070352 238.41383772],[7112. 7128. 7217.],[8334. 8637. 8604.]
17,250,566212081780.9099,357.89638826259466,0.2660214900970459,24,[7909.696 8098.024 8086.984],[229.89497512 244.66895067 224.63221439],[7280. 7369. 7514.],[8391. 8637. 8604.]
18,250,566212081780.9099,355.99803497771205,0.27003955841064453,26,[7941.328 8139.284 8125.088],[229.57784827 240.44986867 232.03256723],[7305. 7369. 7473.],[8426. 8637. 8654.]
19,250,566212081780.9099,422.8906203160135,0.3415372371673584,23,[7946.8   8156.212 8167.844],[238.17571665 250.01385373 232.73585814],[7362. 7369. 7473.],[8519. 8688. 8654.]
20,250,637063215955.5181,417.62509288527457,0.283050537109375,27,[7971.348 8173.36  8196.048],[232.409352   259.91373646 226.56380491],[7307. 7369. 7543.],[8519. 8688. 8668.]
21,250,637063215955.5181,421.38940387414084,0.3021068572998047,27,[8009.536 8206.012 8216.4  ],[236.75102683 254.66926759 226.26838931],[7307. 7419. 7622.],[8519. 8688. 8760.]
22,250,637063215955.5181,442.577296799133,0.30353379249572754,22,[8024.016 8242.696 8243.848],[237.40786791 249.7280032  236.32069925],[7307. 7419. 7622.],[8525. 8759. 8760.]
23,250,637063215955.5181,439.5874929019895,0.2730247974395752,24,[8035.112 8258.976 8297.788],[224.7676922  246.68198034 235.47886329],[7429. 7419. 7622.],[8525. 8759. 8775.]
24,250,637063215955.5181,452.25090968936263,0.29708003997802734,28,[8059.588 8265.836 8322.596],[217.15834374 254.23315501 240.04268117],[7456. 7419. 7669.],[8575. 8759. 8775.]
25,250,637063215955.5181,397.9657738457322,0.28205442428588867,25,[8073.92  8296.624 8338.864],[225.02960161 252.0848322  234.95585437],[7456. 7500. 7602.],[8575. 8797. 8775.]
26,250,637063215955.5181,412.42255170066176,0.2520177364349365,21,[8088.228 8330.972 8377.284],[225.93533592 234.05707683 223.96593345],[7456. 7604. 7602.],[8617. 8797. 8775.]
27,250,637063215955.5181,394.9801322235383,0.2680175304412842,26,[8100.184 8370.96  8374.768],[228.47157842 217.55649933 231.25973747],[7456. 7604. 7602.],[8617. 8797. 8844.]
28,250,637063215955.5181,374.69377712091074,0.3160228729248047,32,[8118.536 8398.7   8392.92 ],[223.96069455 200.85374281 219.94297806],[7456. 7788. 7720.],[8620. 8797. 8844.]
29,250,637063215955.5181,357.48189834665743,0.29035449028015137,37,[8138.184 8396.7   8419.348],[220.03837425 210.13434274 219.90767812],[7436. 7779. 7720.],[8620. 8797. 8844.]
30,250,671821122464.0037,370.6819915302117,0.2560160160064697,40,[8152.408 8401.772 8427.296],[228.6273508  220.28289088 228.63406654],[7436. 7671. 7720.],[8656. 8797. 8863.]
31,250,671821122464.0037,360.868079019311,0.24808192253112793,49,[8166.424 8417.684 8440.624],[234.17794137 214.72009721 223.95800192],[7436. 7671. 7862.],[8656. 8797. 8863.]
32,250,671821122464.0037,359.3675974894829,0.3124969005584717,48,[8191.108 8408.072 8484.324],[224.90394469 215.6146628  202.33914852],[7498. 7605. 7862.],[8656. 8797. 8863.]
33,250,671821122464.0037,353.76498381359534,0.26281118392944336,47,[8218.132 8405.736 8492.728],[221.99400572 226.08850104 202.00684646],[7498. 7605. 7913.],[8656. 8797. 8863.]
34,250,671821122464.0037,331.5610852191463,0.26401710510253906,44,[8242.372 8398.636 8528.544],[217.9473735  222.65708052 196.85155845],[7498. 7605. 7920.],[8656. 8856. 8863.]
35,250,671821122464.0037,321.1820026013436,0.2530195713043213,44,[8253.46  8416.748 8534.304],[219.59457279 214.25940469 200.16142382],[7498. 7671. 7920.],[8664. 8856. 8920.]
36,250,671821122464.0037,337.16960215303993,0.27517199516296387,37,[8271.156 8414.064 8542.068],[230.04240406 214.60698009 208.40020964],[7498. 7671. 7920.],[8770. 8856. 8920.]
37,250,671821122464.0037,323.03904609639625,0.23320627212524414,44,[8294.892 8417.72  8537.564],[233.19151    217.33463967 207.15124403],[7498. 7671. 7920.],[8770. 8856. 8920.]
38,250,671821122464.0037,342.243687777343,0.25802087783813477,36,[8290.236 8426.052 8560.696],[240.1272419  221.39418533 197.3113975 ],[7498. 7564. 7883.],[8811. 8856. 8920.]
39,250,671821122464.0037,345.59084404965193,0.2630188465118408,39,[8299.632 8432.352 8584.364],[234.33144171 211.7286851  194.21830888],[7498. 7564. 7883.],[8811. 8856. 8989.]
40,250,700074247406.3695,329.57161761307384,0.2685227394104004,44,[8317.968 8427.996 8602.32 ],[228.24672391 213.77460089 186.54846448],[7498. 7564. 7883.],[8840. 8856. 8989.]
41,250,700074247406.3695,333.05055762365953,0.2968151569366455,51,[8323.632 8434.072 8601.104],[231.49320633 227.05090798 192.05242301],[7498. 7564. 7883.],[8840. 8985. 8989.]
42,250,700074247406.3695,336.4979692499292,0.25601959228515625,47,[8342.1   8452.52  8586.048],[233.79579551 220.64420591 194.43632813],[7498. 7564. 7883.],[8847. 8985. 8989.]
43,250,700074247406.3695,351.52825962440954,0.27510619163513184,49,[8363.072 8452.664 8599.228],[222.89302101 221.77631773 187.25623091],[7498. 7564. 7883.],[8847. 8985. 8989.]
44,250,700074247406.3695,351.813089445175,0.25401806831359863,46,[8362.136 8460.328 8606.332],[239.93713657 229.55753182 195.42938821],[7312. 7564. 7883.],[8847. 8985. 9048.]
45,250,700074247406.3695,340.2082281131862,0.2550199031829834,45,[8372.076 8473.872 8611.488],[234.71198995 211.99054605 196.15690112],[7312. 7851. 8022.],[8874. 8985. 9048.]
46,250,700074247406.3695,335.0015592480112,0.23517632484436035,46,[8377.808 8481.552 8612.968],[239.36204197 213.14361191 205.4155568 ],[7312. 7922. 7998.],[8874. 8985. 9048.]
47,250,700074247406.3695,338.2015759056563,0.2510342597961426,48,[8382.052 8493.436 8627.268],[240.75531416 211.25235597 199.56126923],[7312. 7922. 8022.],[8874. 8985. 9048.]
48,250,700074247406.3695,339.8633813923528,0.2720191478729248,60,[8399.576 8504.656 8644.796],[221.15877605 198.86693457 188.18030286],[7312. 7924. 8022.],[8874. 8985. 9048.]
49,250,700074247406.3695,342.16418041623655,0.246018648147583,65,[8396.4   8514.796 8647.28 ],[228.66275604 199.64278696 191.63060716],[7312. 7924. 8022.],[8874. 8985. 9048.]
50,250,716763949197.9707,351.0148417284217,0.2680201530456543,63,[8407.024 8518.64  8647.536],[223.35095125 202.66653991 193.91301324],[7312. 7924. 8022.],[8874. 8985. 9048.]
51,250,716763949197.9707,347.9304049633858,0.24301934242248535,70,[8426.256 8512.584 8665.952],[200.01839531 204.38384218 182.86991468],[7801. 7924. 8164.],[8874. 8985. 9048.]
52,250,716763949197.9707,347.86754577474017,0.24690794944763184,73,[8433.816 8505.86  8678.22 ],[201.41685665 207.67000843 174.74945379],[7801. 7924. 8168.],[8874. 8985. 9048.]
53,250,716763949197.9707,341.9314366916884,0.24202299118041992,72,[8463.004 8489.628 8688.264],[187.30709539 207.58273921 168.92209537],[7801. 7924. 8140.],[8874. 8985. 9048.]
54,250,716763949197.9707,343.17961937599887,0.2315216064453125,69,[8476.748 8485.2   8696.728],[185.64978992 209.73045559 169.87425354],[7801. 7924. 8140.],[8874. 8985. 9048.]
55,250,716763949197.9707,342.6758588781434,0.25101613998413086,73,[8482.384 8492.76  8698.268],[187.36156635 207.72227228 171.95319182],[7801. 7924. 8140.],[8874. 8985. 9048.]
56,250,716763949197.9707,330.7681187304362,0.26595401763916016,67,[8486.148 8497.608 8702.616],[189.88644527 208.86477524 171.04498982],[7801. 7970. 8140.],[8874. 8985. 9048.]
57,250,716763949197.9707,313.39792035875064,0.279160737991333,49,[8477.752 8529.24  8688.14 ],[191.19280974 200.36402472 177.58137402],[7801. 7970. 8140.],[8874. 8985. 9048.]
58,250,716763949197.9707,337.60844206798504,0.2500190734863281,46,[8493.864 8527.644 8693.296],[185.38057478 205.51875161 178.28204728],[7801. 7970. 8140.],[8874. 8985. 9048.]
59,250,716763949197.9707,344.0437912300675,0.24501967430114746,48,[8493.324 8535.1   8691.624],[184.57079678 204.95197974 181.53177855],[7801. 7970. 8034.],[8874. 8985. 9048.]
60,250,718179670063.5148,345.2220736591324,0.24207687377929688,48,[8502.704 8538.548 8687.152],[186.1341677  203.85598764 186.78169315],[7801. 7970. 8034.],[8874. 8985. 9048.]
61,250,718179670063.5148,338.36556526636485,0.2660186290740967,51,[8506.12  8540.588 8683.064],[193.11719136 204.26401116 192.08776094],[7801. 7985. 8034.],[8874. 8985. 9048.]
62,250,718179670063.5148,340.95183307830604,0.26373958587646484,54,[8503.14  8543.248 8689.06 ],[196.49954809 207.65252345 192.50215687],[7801. 7985. 8034.],[8874. 8985. 9048.]
63,250,718179670063.5148,348.3917859204776,0.27101969718933105,55,[8506.02  8534.24  8702.192],[204.63472726 207.78811901 191.04335407],[7801. 7985. 8034.],[8874. 8985. 9084.]
64,250,718179670063.5148,337.8607291889096,0.29097485542297363,59,[8502.316 8545.104 8698.432],[208.84206507 210.21397952 194.84688701],[7801. 7985. 8034.],[8874. 8985. 9084.]
65,250,718179670063.5148,324.3384573275125,0.2622959613800049,67,[8502.772 8549.936 8698.756],[208.46872191 209.56586531 196.98737133],[7801. 7985. 8034.],[8874. 8985. 9084.]
66,250,718179670063.5148,317.9931499328556,0.2630190849304199,70,[8502.448 8546.956 8710.696],[212.64866634 209.1948041  199.92303415],[7801. 7985. 7957.],[8937. 8985. 9084.]
67,250,718179670063.5148,323.0773897153554,0.26618504524230957,72,[8499.564 8552.408 8711.376],[215.0371268  208.39539711 204.14150637],[7801. 7985. 7957.],[8937. 8985. 9084.]
68,250,718179670063.5148,318.3782775416174,0.28074193000793457,79,[8508.74  8552.704 8707.212],[214.02663479 210.16391789 207.69384935],[7801. 7985. 7957.],[8937. 8985. 9084.]
69,250,718179670063.5148,319.5853843569941,0.2878701686859131,83,[8507.22  8555.772 8712.424],[212.26603025 208.40333974 202.66343583],[7801. 7985. 7957.],[8937. 8985. 9084.]
70,250,725625044720.0309,322.1394196116317,0.2595372200012207,82,[8492.884 8573.604 8712.1  ],[216.98123086 206.73074078 206.49219356],[7801. 7985. 7957.],[8937. 8985. 9084.]
71,250,725625044720.0309,322.8109488186719,0.2775421142578125,83,[8499.096 8582.98  8708.08 ],[217.49743627 206.37037481 206.86086532],[7801. 7985. 7957.],[8937. 8985. 9084.]
72,250,725625044720.0309,320.82989214012935,0.2600212097167969,83,[8503.06  8580.904 8713.032],[215.46585901 203.49708299 206.57556239],[7801. 8012. 8034.],[8937. 8985. 9120.]
73,250,725625044720.0309,329.33488932607156,0.2780177593231201,88,[8500.128 8592.664 8714.768],[219.63354848 203.59015473 206.78453079],[7801. 8012. 8034.],[8937. 8998. 9120.]
74,250,725625044720.0309,353.2943843049884,0.2740201950073242,79,[8508.1   8577.596 8718.876],[224.71098327 210.47515954 213.52883792],[7801. 8012. 8034.],[8937. 8998. 9120.]
75,250,725625044720.0309,332.11012536032854,0.26604723930358887,79,[8530.496 8570.052 8731.676],[205.69811371 210.11077387 209.3672826 ],[7879. 8012. 8034.],[8937. 8998. 9120.]
76,250,725625044720.0309,333.3562992962752,0.29131293296813965,84,[8534.724 8581.6   8722.808],[205.56373178 211.44243661 214.56345247],[7879. 8012. 8034.],[8937. 8998. 9120.]
77,250,725625044720.0309,334.62167360798935,0.5145595073699951,74,[8544.408 8571.12  8740.148],[207.94630445 209.10271543 201.88414028],[7879. 8012. 8162.],[8937. 8998. 9120.]
78,250,725625044720.0309,335.6166594741191,0.4288818836212158,75,[8551.92  8571.608 8736.044],[205.21850209 209.41059748 207.61821226],[7879. 8012. 8117.],[8937. 8998. 9120.]
79,250,725625044720.0309,338.4274066558065,0.26701855659484863,74,[8551.772 8574.772 8740.004],[208.19023996 206.67501062 204.60296182],[7879. 8012. 8106.],[8986. 8998. 9120.]
80,250,733945808239.7528,329.93644691480307,0.2957580089569092,79,[8557.396 8581.748 8734.136],[208.20756755 205.58419321 206.05600575],[7879. 8012. 8106.],[8986. 8998. 9120.]
81,250,733945808239.7528,326.56783252917705,0.3324887752532959,81,[8564.52  8576.868 8739.324],[206.95916892 204.70580494 204.30834301],[7879. 8012. 8106.],[8986. 8998. 9120.]
82,250,733945808239.7528,335.5183113443334,0.29772520065307617,80,[8550.148 8580.6   8745.752],[217.07894899 212.07217639 208.56625445],[7879. 8012. 8106.],[8986. 8998. 9120.]
83,250,733945808239.7528,334.0063327396807,0.33353137969970703,87,[8553.364 8593.328 8748.892],[207.64151681 203.62604061 200.97870618],[7957. 8012. 8106.],[8986. 8998. 9120.]
84,250,733945808239.7528,329.57390492330774,0.3160231113433838,93,[8554.752 8591.644 8750.42 ],[207.26408878 206.52776391 203.5965314 ],[7957. 8012. 8106.],[8986. 8998. 9120.]
85,250,733945808239.7528,329.9746409130433,0.4355485439300537,98,[8559.924 8587.88  8753.544],[206.254712   207.27514467 206.14730671],[7957. 8012. 8106.],[8986. 8998. 9120.]
86,250,733945808239.7528,334.8362747584656,0.5566563606262207,103,[8557.512 8593.864 8749.6  ],[207.63730362 211.9031418  206.45359769],[7957. 8012. 8106.],[8986. 8998. 9120.]
87,250,733945808239.7528,336.4943466734924,0.33753371238708496,105,[8559.156 8596.436 8746.276],[209.54150821 213.26090571 207.81836258],[7957. 8012. 8106.],[8986. 8998. 9120.]
88,250,733945808239.7528,354.22621662242227,0.47655725479125977,96,[8557.3  8585.06 8756.18],[216.57494315 217.12309965 209.98486517],[7957. 8012. 8106.],[8986. 8998. 9120.]
89,250,733945808239.7528,345.0939824053442,0.37203001976013184,100,[8565.068 8591.7   8753.368],[208.01167125 217.03211283 208.79180198],[7957. 8012. 8106.],[8986. 9034. 9120.]
90,250,737961158107.2749,349.81217578748834,0.2954437732696533,87,[8560.94  8603.416 8752.388],[217.99603758 213.58406997 202.54468508],[7947. 8012. 8106.],[8986. 9034. 9131.]
91,250,737961158107.2749,351.9564843801722,0.49303174018859863,88,[8571.304 8604.276 8748.92 ],[217.74659488 214.40533534 201.09912382],[7947. 8012. 8106.],[8986. 9034. 9131.]
92,250,737961158107.2749,351.8639452121125,0.39705348014831543,83,[8550.184 8626.672 8750.936],[213.01614527 206.75439636 205.7308239 ],[7947. 8012. 8106.],[8986. 9034. 9131.]
93,250,737961158107.2749,351.2855326759669,0.38502931594848633,93,[8551.58  8628.62  8754.356],[214.49519249 209.27947725 209.25467083],[7866. 8012. 8106.],[8986. 9034. 9169.]
94,250,737961158107.2749,346.8919270246115,0.42302966117858887,98,[8556.556 8633.648 8762.084],[205.8957767  202.2851554  202.17852741],[7957. 8012. 8106.],[8986. 9034. 9169.]
95,250,737961158107.2749,337.83635876465394,0.39902615547180176,96,[8555.84  8642.332 8764.744],[210.9278891  192.94214101 202.6847169 ],[7957. 8085. 8106.],[8986. 9034. 9169.]
96,250,737961158107.2749,342.3129875629614,0.29501938819885254,102,[8558.54  8640.82  8772.712],[211.83561646 195.38322241 200.76807778],[7957. 8085. 8106.],[8986. 9034. 9169.]
97,250,737961158107.2749,338.2500888668499,0.34543704986572266,108,[8560.14  8640.28  8772.944],[212.96319025 197.39963931 200.92377874],[7957. 8085. 8106.],[8986. 9034. 9197.]
98,250,737961158107.2749,345.6724670378787,0.2854776382446289,106,[8563.84  8629.064 8791.76 ],[213.63149206 199.09327438 197.25146996],[7957. 8085. 8106.],[8986. 9034. 9197.]
99,250,737961158107.2749,348.134740507863,0.30153703689575195,102,[8569.504 8633.904 8791.932],[213.4071273  195.71012949 195.39565854],[7957. 8085. 8106.],[8986. 9034. 9197.]
100,250,742830917279.2003,338.0682601788124,0.2555365562438965,104,[8569.512 8637.844 8791.984],[211.9662281  194.12036386 195.52605899],[7957. 8085. 8106.],[8986. 9034. 9197.]
101,250,742830917279.2003,338.6999230560364,0.352031946182251,110,[8569.308 8642.272 8786.668],[213.14844859 197.12476764 197.82385543],[7957. 8085. 8106.],[8986. 9034. 9197.]
102,250,742830917279.2003,339.9601917971712,0.3080286979675293,113,[8560.064 8653.864 8787.532],[217.24059451 198.68865469 201.60055798],[7957. 8085. 8106.],[8986. 9034. 9197.]
103,250,742830917279.2003,340.8930162116826,0.2691500186920166,114,[8562.472 8653.776 8785.364],[217.08453933 202.65339332 205.07257131],[7957. 8085. 8106.],[8986. 9034. 9197.]
104,250,742830917279.2003,332.9888693506738,0.3331730365753174,119,[8564.9   8650.808 8789.372],[216.89806362 202.2921727  204.4632427 ],[7957. 8085. 8106.],[8986. 9034. 9197.]
105,250,742830917279.2003,333.1301492630864,0.29143381118774414,121,[8563.488 8657.096 8785.888],[219.1926501  203.03650604 205.47218658],[7957. 8085. 8106.],[8986. 9034. 9197.]
106,250,742830917279.2003,337.4409096767012,0.3145332336425781,127,[8564.34  8653.808 8786.82 ],[223.02208052 203.9908114  209.97021598],[7957. 8085. 8106.],[8989. 9034. 9197.]
107,250,742830917279.2003,339.57844598698915,0.2716331481933594,131,[8562.732 8657.992 8785.132],[225.01181341 199.76640342 210.27300962],[7957. 8085. 8106.],[8989. 9034. 9197.]
108,250,742830917279.2003,338.40763932082297,0.2560248374938965,130,[8563.332 8654.72  8790.892],[225.15684706 201.43954329 211.96603581],[7957. 8085. 8106.],[8989. 9034. 9197.]
109,250,742830917279.2003,341.79140771529256,0.3099710941314697,130,[8561.48  8656.896 8795.676],[226.56022952 202.00694341 209.51817827],[7957. 8085. 8106.],[8989. 9034. 9197.]
110,250,743321716677.6497,340.28567493590856,0.2840285301208496,126,[8565.692 8654.608 8797.036],[228.40768187 202.58872213 212.31940727],[7957. 8085. 8106.],[8989. 9034. 9197.]
111,250,743321716677.6497,338.0684082285153,0.3510711193084717,128,[8563.528 8655.956 8797.304],[227.84296613 202.96819964 213.51504768],[7957. 8085. 8106.],[8989. 9034. 9197.]
112,250,743321716677.6497,332.34097510243595,0.2790215015411377,127,[8571.392 8651.652 8799.968],[225.98390725 201.42451414 214.32295018],[7957. 8085. 8106.],[8989. 9034. 9197.]
113,250,743321716677.6497,327.8985924329682,0.26682186126708984,131,[8576.62  8652.372 8797.6  ],[223.92301266 201.44198573 212.77112586],[7957. 8085. 8106.],[8989. 9034. 9197.]
114,250,743321716677.6497,327.31447103653784,0.2805612087249756,134,[8585.084 8648.084 8796.868],[224.41616017 203.98271727 214.10995908],[7957. 8085. 8106.],[8989. 9034. 9197.]
115,250,743321716677.6497,326.45769498273137,0.33529186248779297,134,[8581.388 8652.076 8798.36 ],[228.2010286  205.65654433 210.62483804],[7957. 8085. 8106.],[8989. 9034. 9197.]
116,250,743321716677.6497,322.39615897154084,0.3590278625488281,136,[8591.416 8651.692 8791.596],[222.1199382  204.76092678 213.71781579],[7957. 8085. 8106.],[8989. 9034. 9197.]
117,250,743321716677.6497,323.6588713260687,0.2680189609527588,133,[8594.064 8653.608 8784.976],[223.23332167 210.34681442 217.33608864],[7957. 8009. 8106.],[9022. 9065. 9197.]
118,250,743321716677.6497,320.67145899441925,0.28402018547058105,137,[8596.312 8654.888 8784.98 ],[225.14974274 209.33061758 217.35341635],[7957. 8009. 8106.],[9022. 9065. 9197.]
119,250,743321716677.6497,318.0505177185487,0.2550225257873535,135,[8601.096 8647.192 8787.424],[223.38060521 210.93937313 220.1756304 ],[7957. 8009. 8106.],[9022. 9065. 9197.]
120,250,747989781013.774,319.75516043978666,0.31202268600463867,134,[8601.724 8647.456 8786.636],[223.72454453 215.65965794 222.08803548],[7957. 8009. 8106.],[9022. 9065. 9197.]
121,250,747989781013.774,313.9659291176424,0.28954219818115234,137,[8602.236 8650.192 8787.86 ],[227.2120338  217.87674299 217.63630304],[7957. 8009. 8106.],[9022. 9065. 9197.]
122,250,747989781013.774,307.51884321997437,0.2870197296142578,136,[8614.412 8631.404 8809.02 ],[218.33470236 213.85138948 207.03720342],[7997. 8009. 8106.],[9022. 9065. 9197.]
123,250,747989781013.774,314.0954932648248,0.2990236282348633,134,[8611.448 8633.584 8815.628],[220.05919044 212.72320735 202.13967848],[7997. 8009. 8173.],[9022. 9065. 9197.]
124,250,747989781013.774,315.82902629591763,0.2610335350036621,135,[8609.944 8633.328 8819.504],[217.74672641 211.52133797 202.27737882],[7997. 8009. 8173.],[9022. 9065. 9197.]
125,250,747989781013.774,345.5957041904181,0.26701855659484863,116,[8604.76  8640.996 8820.78 ],[215.81057991 215.50158232 205.40879144],[7997. 8009. 8173.],[9022. 9065. 9197.]
126,250,747989781013.774,345.70389631023977,0.29301881790161133,119,[8598.968 8647.956 8822.496],[215.52504953 213.84559398 207.36659804],[8071. 8009. 8173.],[9022. 9065. 9197.]
127,250,747989781013.774,340.7110357441738,0.28503870964050293,125,[8597.232 8648.572 8822.64 ],[219.3086824  215.05163291 208.04499129],[8071. 8009. 8173.],[9022. 9065. 9197.]
128,250,747989781013.774,341.81179228573893,0.33860301971435547,129,[8595.252 8657.308 8823.98 ],[216.29575238 209.36086821 208.64075249],[8071. 8009. 8173.],[9022. 9065. 9197.]
129,250,747989781013.774,334.1782203998771,0.2644059658050537,123,[8603.888 8670.44  8803.596],[219.0895421  204.11919655 212.17091409],[8071. 8009. 8173.],[9022. 9065. 9197.]
130,250,748640108408.557,333.6253296107275,0.266021728515625,119,[8607.812 8676.524 8800.972],[217.11538098 208.88872019 209.14055373],[8071. 8009. 8173.],[9022. 9065. 9197.]
131,250,748640108408.557,343.2705247889211,0.32102465629577637,121,[8611.796 8679.472 8806.604],[213.11505433 203.31235382 206.5097944 ],[8071. 8009. 8173.],[9022. 9065. 9197.]
132,250,748640108408.557,345.7418161489094,0.3260228633880615,118,[8619.236 8676.4   8804.256],[211.49554204 206.3310156  207.0881128 ],[8071. 8009. 8173.],[9022. 9065. 9197.]
133,250,748640108408.557,345.79044039377743,0.305772066116333,124,[8621.056 8677.188 8802.044],[214.39331348 209.04384386 210.5263928 ],[8071. 8009. 8173.],[9022. 9065. 9207.]
134,250,748640108408.557,345.20687707103264,0.2850205898284912,128,[8621.22  8675.932 8800.236],[218.73021648 211.82035638 212.44051474],[8071. 8009. 8173.],[9022. 9065. 9207.]
135,250,748640108408.557,343.2112991947287,0.3467090129852295,133,[8621.64  8676.148 8799.716],[218.85101416 212.30355177 212.80639874],[8071. 8009. 8173.],[9022. 9065. 9207.]
136,250,748640108408.557,347.3186404771225,0.3278648853302002,134,[8627.568 8669.6   8795.536],[223.09210066 220.50019501 216.2024808 ],[8071. 7947. 8173.],[9022. 9065. 9207.]
137,250,748640108408.557,343.1205862388592,0.26401805877685547,137,[8634.8   8665.772 8797.356],[221.96502427 220.21551266 214.79865284],[8071. 7947. 8173.],[9022. 9065. 9207.]
138,250,748640108408.557,334.852178650759,0.3480265140533447,133,[8638.304 8668.74  8796.924],[218.23507414 214.55052645 214.4631955 ],[8071. 8009. 8173.],[9030. 9065. 9207.]
139,250,748640108408.557,334.83322378359526,0.29104042053222656,136,[8639.812 8665.224 8797.572],[220.91814017 213.71990507 216.34667739],[8071. 8009. 8173.],[9030. 9065. 9207.]
140,250,752270713155.4576,333.86418529863107,0.28989672660827637,140,[8634.968 8676.18  8794.804],[221.50140175 204.79405167 218.13290807],[8071. 8105. 8173.],[9060. 9065. 9207.]
141,250,752270713155.4576,333.6055912192764,0.264019250869751,142,[8644.564 8678.716 8780.644],[221.39181083 211.04834362 220.10807633],[8071. 8105. 8173.],[9060. 9103. 9207.]
142,250,752270713155.4576,336.45489106251523,0.33201146125793457,147,[8647.8   8674.56  8781.676],[223.89844126 214.09096758 221.8531294 ],[8071. 8105. 8173.],[9076. 9103. 9207.]
143,250,752270713155.4576,336.0798229546526,0.31502461433410645,148,[8652.584 8671.1   8782.124],[225.7583552  214.48834467 220.33052586],[8071. 8105. 8173.],[9107. 9103. 9207.]
144,250,752270713155.4576,345.03153204897546,0.35305285453796387,142,[8649.924 8674.432 8783.648],[232.17343135 213.77694304 223.16955907],[8071. 8105. 8173.],[9107. 9103. 9207.]
145,250,752270713155.4576,345.7830979033758,0.29502201080322266,141,[8647.52  8679.188 8782.832],[231.65479835 213.2637256  223.26370904],[8071. 8105. 8173.],[9107. 9103. 9207.]
146,250,752270713155.4576,351.75524835755783,0.3041412830352783,131,[8652.044 8676.62  8785.228],[229.70113205 213.04790917 225.73258519],[8071. 8105. 8173.],[9107. 9103. 9207.]
147,250,752270713155.4576,351.75524835755783,0.2949347496032715,131,[8650.132 8674.648 8787.052],[231.58280285 216.1717005  225.80120747],[8071. 8105. 8173.],[9107. 9103. 9207.]
148,250,752270713155.4576,351.41610236509445,0.24292683601379395,131,[8653.508 8680.028 8782.652],[232.08354086 216.22361392 222.39097755],[8071. 8105. 8173.],[9107. 9103. 9207.]
149,250,752270713155.4576,351.68759408331846,0.2610189914703369,135,[8656.556 8680.628 8777.08 ],[232.92060206 218.34827596 225.09369072],[8071. 8105. 8173.],[9107. 9103. 9207.]
150,250,758562768758.9001,355.24696362168345,0.29642152786254883,141,[8654.66  8681.024 8780.46 ],[232.70312503 219.59713892 226.08081829],[8071. 8105. 8173.],[9107. 9103. 9207.]
151,250,758562768758.9001,352.8436119962043,0.29502439498901367,144,[8657.66  8678.168 8778.76 ],[234.21158041 220.37410868 231.04092798],[8071. 8100. 8173.],[9107. 9103. 9207.]
152,250,758562768758.9001,355.0167494248872,0.2705113887786865,147,[8664.564 8674.696 8773.548],[232.48163348 220.39057054 234.05407857],[8071. 8100. 8173.],[9107. 9103. 9207.]
153,250,758562768758.9001,353.5662574132679,0.2965390682220459,147,[8671.468 8672.38  8774.328],[227.26288077 219.61780347 235.58795473],[8071. 8100. 8173.],[9107. 9103. 9207.]
154,250,758562768758.9001,353.26590571085,0.2845432758331299,149,[8675.32  8666.912 8777.984],[231.07630255 222.04790532 234.60560894],[8071. 8100. 8173.],[9107. 9103. 9207.]
155,250,758562768758.9001,350.6444171851131,0.2776329517364502,145,[8671.02  8672.004 8778.64 ],[232.65540957 220.49236718 235.12869327],[8071. 8100. 8173.],[9107. 9103. 9207.]
156,250,758562768758.9001,349.8440393651462,0.3270256519317627,152,[8669.548 8670.54  8788.36 ],[231.66907367 221.003295   234.44929175],[8071. 8100. 8173.],[9107. 9103. 9207.]
157,250,758562768758.9001,348.1947392437491,0.2705402374267578,157,[8668.32  8670.424 8790.892],[232.52174436 220.31536538 234.12330157],[8071. 8100. 8173.],[9107. 9103. 9207.]
158,250,758562768758.9001,349.7202968993203,0.29653263092041016,160,[8663.004 8679.996 8791.504],[234.12669216 217.46706414 233.03001091],[8071. 8100. 8173.],[9107. 9103. 9228.]
159,250,758562768758.9001,347.19781275685443,0.3290224075317383,163,[8666.16  8677.444 8791.504],[234.74494755 221.51442135 231.91816226],[8071. 8100. 8173.],[9107. 9103. 9228.]
160,250,760560631502.1213,342.82066334781547,0.2809610366821289,168,[8663.132 8682.148 8797.184],[235.32130073 217.14871884 228.96705035],[8071. 8100. 8173.],[9107. 9103. 9228.]
161,250,760560631502.1213,343.7298425952347,0.2839064598083496,170,[8670.304 8680.1   8797.664],[237.49707279 216.93405911 228.39884217],[8071. 8100. 8173.],[9119. 9103. 9228.]
162,250,760560631502.1213,343.47954992797355,0.3440253734588623,172,[8668.632 8680.328 8799.788],[237.39957998 216.77537779 225.30343774],[8071. 8100. 8173.],[9119. 9103. 9228.]
163,250,760560631502.1213,340.1333379817895,0.2922699451446533,171,[8670.04 8684.8  8796.3 ],[237.12128205 215.92193034 222.74820314],[8071. 8100. 8173.],[9119. 9103. 9228.]
164,250,760560631502.1213,344.2618596082041,0.2930173873901367,176,[8670.464 8686.944 8800.768],[236.46848565 212.85308751 221.87038148],[8071. 8105. 8173.],[9119. 9103. 9228.]
165,250,760560631502.1213,342.31388488517445,0.2590186595916748,180,[8671.896 8684.96  8802.056],[240.17133298 213.40187066 222.60671343],[8071. 8105. 8173.],[9119. 9103. 9228.]
166,250,760560631502.1213,350.1666807786453,0.34595799446105957,176,[8672.668 8681.332 8802.852],[244.02814136 218.09557028 223.91685532],[8071. 8105. 8173.],[9211. 9103. 9228.]
167,250,760560631502.1213,351.12620777514235,0.3149449825286865,178,[8677.388 8678.588 8801.192],[245.14036276 218.83221485 225.48256504],[8071. 8105. 8173.],[9211. 9103. 9228.]
168,250,760560631502.1213,351.4031281959109,0.2663707733154297,180,[8675.64  8684.036 8802.764],[243.57093094 214.37478094 224.22801855],[8071. 8155. 8173.],[9211. 9103. 9228.]
169,250,760560631502.1213,350.189993507661,0.29613256454467773,178,[8670.408 8685.368 8807.84 ],[242.0972894  214.45104004 223.74250915],[8071. 8155. 8173.],[9211. 9103. 9228.]
170,250,767881105025.7799,349.8058907066018,0.3220250606536865,180,[8671.224 8682.244 8809.   ],[241.99387972 216.1698232  223.75997855],[8071. 8155. 8173.],[9211. 9103. 9228.]
171,250,767881105025.7799,350.8551812959504,0.2550196647644043,183,[8672.98  8684.232 8807.492],[243.50751036 215.9997643  226.33868855],[8071. 8155. 8173.],[9211. 9103. 9228.]
172,250,767881105025.7799,352.9499332909265,0.40141820907592773,184,[8674.62  8681.408 8806.528],[245.06579443 219.82506121 226.18221242],[7988. 8155. 8173.],[9211. 9103. 9228.]
173,250,767881105025.7799,354.00411330208976,0.25801944732666016,185,[8680.824 8677.44  8802.976],[246.29575925 218.74876548 225.1032106 ],[7988. 8155. 8173.],[9211. 9103. 9228.]
174,250,767881105025.7799,347.93357306763903,0.3181300163269043,171,[8675.304 8686.196 8800.216],[236.67308166 214.8260077  225.64473259],[7988. 8155. 8173.],[9211. 9103. 9228.]
175,250,767881105025.7799,347.9812686457727,0.3160362243652344,174,[8668.256 8693.136 8800.048],[235.30742118 214.3539258  227.38650289],[7988. 8155. 8173.],[9211. 9103. 9228.]
176,250,767881105025.7799,350.54391374259177,0.33454418182373047,175,[8673.42  8687.184 8806.536],[236.61392098 217.21244473 226.2237492 ],[7988. 8155. 8173.],[9211. 9103. 9228.]
177,250,767881105025.7799,347.2348467773267,0.3078625202178955,168,[8664.576 8700.916 8802.572],[241.52085671 210.72174293 224.41198902],[7988. 8155. 8173.],[9211. 9103. 9228.]
178,250,767881105025.7799,348.77910012807433,0.2590184211730957,166,[8663.924 8700.056 8805.736],[239.64555123 212.47485702 226.65203794],[7988. 8155. 8173.],[9211. 9103. 9228.]
179,250,767881105025.7799,350.0928647634958,0.3383023738861084,158,[8660.632 8702.116 8809.452],[238.9776738  214.26066028 223.49339072],[7988. 8155. 8173.],[9211. 9103. 9228.]
180,250,768105801119.768,350.26335112474294,0.26702094078063965,160,[8657.32  8702.48  8811.372],[241.19809618 215.40754304 224.019967  ],[7988. 8155. 8173.],[9211. 9103. 9228.]
181,250,768105801119.768,353.4585963111943,0.3210437297821045,160,[8672.028 8694.452 8803.18 ],[247.43521822 220.60057955 230.44672183],[7988. 8155. 8173.],[9227. 9103. 9228.]
182,250,768105801119.768,354.070232222172,0.27802014350891113,163,[8672.36  8697.332 8798.572],[249.23458508 219.85491074 232.43164332],[7988. 8155. 8173.],[9227. 9103. 9228.]
183,250,768105801119.768,351.55985145939457,0.27302122116088867,163,[8672.848 8696.78  8797.852],[250.78639695 221.37451434 232.85431947],[7988. 8155. 8173.],[9227. 9103. 9228.]
184,250,768105801119.768,351.44164157364975,0.27805256843566895,164,[8670.672 8697.04  8800.94 ],[248.46793841 221.62176427 231.99984569],[7988. 8155. 8173.],[9227. 9103. 9228.]
185,250,768105801119.768,352.49229097495066,0.25801658630371094,169,[8665.868 8698.288 8799.04 ],[249.45358401 227.43044004 234.22698051],[7988. 8155. 8173.],[9227. 9103. 9228.]
186,250,768105801119.768,348.0871609291963,0.296022891998291,166,[8668.088 8695.72  8801.036],[244.45017541 226.397265   233.78864537],[7988. 8155. 8173.],[9227. 9103. 9228.]
187,250,768105801119.768,350.68353442248787,0.30002260208129883,168,[8668.248 8696.9   8801.056],[246.53615251 228.50682703 236.0602399 ],[7988. 8078. 8173.],[9227. 9103. 9228.]
188,250,768105801119.768,355.4072374491159,0.27884721755981445,165,[8669.86  8694.568 8801.796],[247.72478358 228.95483698 238.79307022],[7988. 8078. 8173.],[9227. 9103. 9228.]
189,250,768105801119.768,352.7425778109607,0.3442072868347168,168,[8668.832 8695.228 8801.8  ],[249.81654824 230.11305051 239.51698061],[7988. 8078. 8173.],[9227. 9103. 9228.]
190,250,769664120792.5442,352.0890370428588,0.2820119857788086,172,[8673.112 8692.38  8801.58 ],[250.70916109 229.46895999 238.04250797],[7988. 8155. 8173.],[9227. 9103. 9228.]
191,250,769664120792.5442,354.36202650294916,0.266603946685791,173,[8672.244 8693.144 8803.84 ],[252.60536903 225.21581486 235.78282889],[7988. 8155. 8173.],[9227. 9103. 9228.]
192,250,769664120792.5442,351.2210586516275,0.26401567459106445,169,[8673.04  8693.28  8817.368],[248.15878465 222.81788438 225.68076696],[7988. 8141. 8173.],[9227. 9103. 9228.]
193,250,769664120792.5442,348.1531701177233,0.29702258110046387,169,[8674.964 8692.508 8814.6  ],[248.82712614 223.43996495 228.68838186],[7988. 8141. 8173.],[9227. 9103. 9228.]
194,250,769664120792.5442,345.0805531344016,0.2725489139556885,166,[8672.412 8695.144 8816.38 ],[249.18308581 221.74321019 229.19857678],[7988. 8141. 8173.],[9227. 9103. 9228.]
195,250,769664120792.5442,338.57188977390007,0.27353358268737793,170,[8681.748 8694.104 8817.396],[241.76958555 216.47831574 230.47118515],[7988. 8141. 8173.],[9227. 9103. 9228.]
196,250,769664120792.5442,337.98917136494657,0.2850215435028076,174,[8684.216 8697.124 8816.036],[241.81103644 216.72839367 227.85455603],[7988. 8141. 8173.],[9227. 9103. 9228.]
197,250,769664120792.5442,339.71251395798896,0.34102487564086914,176,[8681.468 8695.596 8820.016],[245.42656942 218.55619137 225.6007973 ],[7988. 8141. 8173.],[9227. 9103. 9228.]
198,250,769664120792.5442,341.9667475843665,0.3470299243927002,175,[8675.224 8698.6   8821.156],[247.6900923  218.13597594 228.60676207],[7988. 8141. 8173.],[9227. 9103. 9228.]
199,250,769664120792.5442,344.4010783434665,0.37611961364746094,175,[8679.732 8696.012 8818.108],[252.15404057 221.26950955 229.37787238],[7988. 8124. 8173.],[9227. 9113. 9228.]
200,250,770765998167.229,344.80356788922285,0.2735249996185303,172,[8674.792 8696.652 8824.828],[256.01104026 222.90116845 223.76322847],[7988. 8124. 8173.],[9227. 9113. 9228.]
201,250,770765998167.229,343.11870787322937,0.3350224494934082,174,[8674.012 8692.944 8831.292],[253.34699496 225.80371313 221.77260141],[7988. 8124. 8173.],[9227. 9113. 9228.]
202,250,770765998167.229,342.61699676432454,0.30602526664733887,171,[8676.508 8694.424 8829.02 ],[253.59210149 226.52357984 221.23646083],[7988. 8124. 8173.],[9227. 9113. 9228.]
203,250,770765998167.229,344.3058521757991,0.2755281925201416,173,[8675.784 8692.896 8831.552],[256.32036467 224.93264144 219.2804216 ],[7988. 8124. 8173.],[9227. 9113. 9228.]
204,250,770765998167.229,343.8003505591966,0.3330872058868408,177,[8683.184 8688.412 8829.368],[255.89567824 228.43662197 223.98869743],[7988. 8124. 8173.],[9227. 9113. 9228.]
205,250,770765998167.229,342.3021231959526,0.2530205249786377,180,[8687.592 8682.54  8832.98 ],[254.30978262 228.54358096 223.52813604],[7988. 8124. 8173.],[9227. 9113. 9228.]
206,250,770765998167.229,343.38909289206174,0.28802061080932617,182,[8678.456 8692.816 8831.812],[251.06349807 223.19445814 224.38336983],[7988. 8124. 8173.],[9227. 9113. 9228.]
207,250,770765998167.229,342.4719656528745,0.2848014831542969,174,[8689.32  8691.056 8823.72 ],[251.4664065  226.6348183  222.37912132],[7988. 8124. 8173.],[9227. 9113. 9228.]
208,250,770765998167.229,348.89435884204653,0.332019567489624,167,[8687.18  8692.344 8825.568],[254.43926505 228.91102565 223.14394766],[7988. 8124. 8173.],[9227. 9113. 9228.]
209,250,770765998167.229,351.24298228086167,0.2905311584472656,168,[8694.144 8687.184 8823.472],[253.4394351  230.82597372 224.11970287],[7988. 8088. 8173.],[9227. 9113. 9228.]
210,250,770898994692.4342,351.7811552399403,0.30402112007141113,171,[8693.844 8687.14  8822.188],[257.94753665 234.88218408 228.24595649],[7988. 8088. 8173.],[9227. 9113. 9228.]
211,250,770898994692.4342,351.7811552399403,0.257021427154541,171,[8693.324 8687.904 8822.164],[258.51601696 233.93556118 227.86455868],[7988. 8088. 8173.],[9227. 9113. 9228.]
212,250,770898994692.4342,352.27914994043095,0.33402347564697266,173,[8696.788 8684.44  8816.548],[257.52170987 236.16602296 234.90890084],[7988. 8088. 8124.],[9227. 9113. 9228.]
213,250,770898994692.4342,354.32408366885954,0.28402256965637207,177,[8697.024 8686.252 8818.936],[252.97667763 237.96718365 238.28429219],[7988. 8088. 8124.],[9227. 9113. 9228.]
214,250,770898994692.4342,353.08853725016417,0.348721981048584,179,[8699.016 8690.416 8813.828],[253.3024906  238.09630603 235.40976704],[7988. 8088. 8124.],[9227. 9113. 9228.]
215,250,770898994692.4342,354.59556998818283,0.272019624710083,182,[8695.208 8693.48  8816.764],[254.55779056 239.59684806 232.82383964],[7988. 8088. 8173.],[9227. 9113. 9228.]
216,250,770898994692.4342,353.0326550790947,0.2870204448699951,183,[8697.564 8695.084 8814.32 ],[254.3804511  240.42122399 231.86962199],[7988. 8088. 8173.],[9227. 9113. 9228.]
217,250,770898994692.4342,352.32655914906644,0.2800168991088867,182,[8700.588 8691.512 8816.952],[253.90274173 236.5024352  228.75033923],[7988. 8088. 8173.],[9227. 9113. 9228.]
218,250,770898994692.4342,352.9700580542338,0.2780187129974365,185,[8701.1   8691.848 8817.464],[255.43788677 237.36753126 231.75777162],[7988. 8088. 8173.],[9227. 9113. 9228.]
219,250,770898994692.4342,350.71981436908135,0.25551843643188477,186,[8704.68  8695.328 8812.728],[255.07379638 238.72165469 229.23713054],[7988. 8088. 8173.],[9227. 9113. 9228.]
220,250,771064503203.6726,350.14056476179644,0.28602123260498047,188,[8705.416 8694.392 8814.708],[258.81135011 241.02816088 227.80726664],[7988. 8062. 8173.],[9227. 9113. 9228.]
221,250,771064503203.6726,355.35949584212796,0.2996175289154053,189,[8709.588 8694.66  8810.608],[260.39627159 241.17810929 231.11259234],[7988. 8062. 8173.],[9260. 9113. 9228.]
222,250,771064503203.6726,356.36092234565814,0.26801538467407227,191,[8711.296 8691.124 8814.104],[261.20185371 243.80363538 228.55372494],[7988. 8062. 8173.],[9260. 9113. 9228.]
223,250,771064503203.6726,357.54700632802695,0.2480180263519287,190,[8713.128 8691.444 8811.036],[259.90065721 242.77663575 230.39016191],[7988. 8062. 8173.],[9260. 9113. 9228.]
224,250,771064503203.6726,356.9296066106943,0.27382659912109375,190,[8719.752 8690.632 8805.264],[260.48407724 243.66115935 231.6031483 ],[7988. 8062. 8173.],[9260. 9113. 9228.]
225,250,771064503203.6726,356.9354828361288,0.3250243663787842,192,[8714.72  8695.244 8805.984],[260.44486864 241.62574462 230.38817622],[7988. 8062. 8173.],[9260. 9113. 9228.]
226,250,771064503203.6726,356.54138615738793,0.3370215892791748,193,[8713.44  8695.848 8807.528],[258.60485378 240.51776004 229.99617652],[7988. 8062. 8173.],[9260. 9113. 9228.]
227,250,771064503203.6726,356.29859405514,0.35402727127075195,193,[8721.404 8693.672 8806.28 ],[258.21138779 241.3320294  228.61911031],[7988. 8062. 8188.],[9260. 9113. 9228.]
228,250,771064503203.6726,356.0445013123547,0.26143550872802734,193,[8718.544 8694.2   8810.728],[258.52371664 241.5895362  227.35818001],[7988. 8062. 8188.],[9260. 9113. 9228.]
229,250,771064503203.6726,351.2318792255748,0.34757137298583984,192,[8726.308 8695.312 8810.44 ],[250.3665895 238.0373892 226.3994841],[8128. 8062. 8188.],[9260. 9113. 9228.]
230,250,773610295820.2335,348.4169862567133,0.33522725105285645,186,[8722.332 8698.104 8812.156],[249.26050184 240.52269162 225.8084402 ],[8128. 8062. 8188.],[9260. 9113. 9228.]
231,250,773610295820.2335,348.0945960057644,0.30102109909057617,184,[8723.66  8696.272 8812.912],[247.54275671 242.39864277 227.89436205],[8128. 8062. 8188.],[9260. 9113. 9228.]
232,250,773610295820.2335,344.9191101484632,0.2751884460449219,187,[8721.576 8696.788 8817.296],[247.17635045 239.82575144 229.14339699],[8128. 8062. 8188.],[9260. 9113. 9229.]
233,250,773610295820.2335,343.8244083554612,0.3330264091491699,190,[8725.484 8696.112 8816.336],[248.1488943  243.78256594 226.87621097],[8128. 8062. 8188.],[9260. 9113. 9229.]
234,250,773610295820.2335,340.8266487420984,0.24602103233337402,193,[8726.908 8700.048 8814.044],[245.66034181 242.81678215 223.24172115],[8128. 8062. 8188.],[9260. 9113. 9229.]
235,250,773610295820.2335,352.3701492884151,0.3090248107910156,186,[8730.732 8694.232 8811.44 ],[249.28002763 244.93728621 228.33758867],[8128. 8062. 8188.],[9260. 9113. 9229.]
236,250,773610295820.2335,354.1872277797481,0.29550743103027344,188,[8733.556 8687.72  8811.648],[248.72725396 247.43306489 231.85115073],[8128. 8024. 8188.],[9260. 9113. 9229.]
237,250,773610295820.2335,353.8163233893079,0.3460884094238281,191,[8735.048 8694.064 8809.068],[250.06579473 244.46392761 229.80019011],[8128. 8024. 8188.],[9260. 9113. 9229.]
238,250,773610295820.2335,358.22465910685384,0.264019250869751,191,[8729.192 8697.98  8809.348],[253.02100137 247.93761231 233.80785893],[8128. 8024. 8188.],[9260. 9113. 9229.]
239,250,773610295820.2335,355.75981443350906,0.33902907371520996,192,[8728.948 8694.476 8814.012],[253.58921368 252.06055111 232.75129185],[8128. 8024. 8188.],[9260. 9113. 9229.]
240,250,773929560566.8386,358.8912732422868,0.2750210762023926,188,[8728.888 8694.656 8816.4  ],[255.55677932 249.02488563 233.28600472],[8128. 8024. 8188.],[9260. 9113. 9229.]
241,250,773929560566.8386,360.37812085269206,0.30802249908447266,180,[8742.924 8684.256 8811.104],[246.83939358 252.6375397  237.8169489 ],[8128. 8024. 8188.],[9260. 9113. 9229.]
242,250,773929560566.8386,361.3431279286422,0.2737593650817871,185,[8745.42  8684.092 8805.04 ],[247.8385192  258.20846527 241.01989627],[8128. 7966. 8188.],[9260. 9113. 9229.]
243,250,773929560566.8386,359.66883696848197,0.3200223445892334,184,[8753.016 8672.144 8807.216],[244.19849251 260.65973848 241.03983352],[8128. 7966. 8188.],[9260. 9113. 9229.]
244,250,773929560566.8386,357.4694845094435,0.3693549633026123,189,[8754.268 8675.46  8807.292],[246.30015058 258.52592984 240.33383186],[8128. 7966. 8188.],[9260. 9113. 9229.]
245,250,773929560566.8386,354.75613972875544,0.3218386173248291,192,[8750.5   8684.536 8801.608],[248.90036963 255.61968763 237.45850656],[8128. 7966. 8188.],[9260. 9113. 9229.]
246,250,773929560566.8386,357.353537836129,0.3240375518798828,196,[8754.54  8681.612 8805.068],[245.86334497 258.09462888 239.4723186 ],[8128. 7966. 8188.],[9260. 9113. 9229.]
247,250,773929560566.8386,357.7745219142334,0.2770226001739502,199,[8761.576 8673.42  8804.244],[244.47431813 261.82898923 240.85906349],[8128. 7868. 8188.],[9260. 9113. 9229.]
248,250,773929560566.8386,355.1785471526495,0.24901413917541504,196,[8748.528 8685.572 8815.98 ],[242.27062805 254.23376018 232.77407845],[8128. 7868. 8188.],[9260. 9113. 9229.]
249,250,773929560566.8386,355.8311539378033,0.275115966796875,200,[8747.184 8691.52  8815.308],[242.28368113 249.67941365 235.23366497],[8128. 7868. 8188.],[9260. 9113. 9229.]
250,250,774206424642.6512,355.15994313510254,0.24805593490600586,201,[8747.464 8693.212 8811.956],[239.84878716 250.75232213 234.60322688],[8128. 7868. 8188.],[9260. 9113. 9229.]
251,250,774206424642.6512,352.4495928909477,0.25402140617370605,197,[8740.044 8699.108 8811.844],[239.32211361 250.72815625 239.04833751],[8128. 7868. 8188.],[9260. 9113. 9229.]
252,250,774206424642.6512,351.99564154106463,0.26701998710632324,200,[8737.236 8695.296 8815.772],[243.93555769 253.47861524 238.63089493],[8128. 7868. 8188.],[9260. 9113. 9229.]
253,250,774206424642.6512,352.4780563732339,0.25802135467529297,201,[8739.288 8698.016 8814.744],[239.37304162 253.66752994 235.3142377 ],[8128. 7868. 8188.],[9260. 9113. 9229.]
254,250,774206424642.6512,356.05312349759976,0.284024715423584,203,[8736.904 8696.364 8815.024],[248.34342106 255.0657631  237.34358096],[8081. 7868. 8188.],[9260. 9176. 9246.]
255,250,774206424642.6512,354.58027748119616,0.2920253276824951,208,[8736.904 8700.868 8813.328],[248.67152387 250.84918692 242.68357261],[8081. 7868. 8188.],[9260. 9176. 9246.]
256,250,774206424642.6512,354.7514394262404,0.2840242385864258,209,[8740.484 8700.368 8812.196],[247.54836647 252.76465057 242.15814168],[8081. 7868. 8188.],[9260. 9176. 9246.]
257,250,774206424642.6512,354.59171027226154,0.28157925605773926,211,[8750.688 8697.216 8809.768],[240.15832831 251.64015845 239.39908558],[8081. 7868. 8188.],[9260. 9176. 9246.]
258,250,774206424642.6512,355.36708626200124,0.302020788192749,214,[8749.74  8699.632 8807.644],[241.24563499 252.56045727 246.33438506],[8081. 7868. 8188.],[9260. 9176. 9246.]
259,250,774206424642.6512,355.4835868184727,0.27788782119750977,218,[8746.512 8700.188 8809.636],[243.5184795  253.21082255 242.24704643],[8081. 7868. 8188.],[9260. 9176. 9246.]
260,250,779885557216.02,355.0555066398439,0.26403260231018066,220,[8751.284 8699.416 8805.96 ],[240.00972344 250.12050485 243.03155022],[8081. 7868. 8188.],[9260. 9176. 9246.]
261,250,779885557216.02,359.38185794379814,0.31241512298583984,218,[8747.912 8696.412 8812.536],[242.02024762 256.53729993 238.52828911],[8081. 7868. 8188.],[9260. 9176. 9246.]
262,250,779885557216.02,360.45649191708344,0.31502556800842285,220,[8747.696 8696.956 8812.992],[242.08158043 254.89548067 239.17043282],[8081. 7868. 8188.],[9260. 9176. 9246.]
263,250,779885557216.02,360.45649191708344,0.3059711456298828,220,[8749.088 8696.512 8811.652],[241.41194721 255.28605496 240.17987196],[8081. 7868. 8188.],[9260. 9176. 9246.]
264,250,779885557216.02,359.54493150165575,0.29207658767700195,222,[8749.916 8696.452 8812.684],[240.3547814  257.25259123 240.98199133],[8081. 7868. 8188.],[9260. 9176. 9246.]
265,250,779885557216.02,359.693028343803,0.3176283836364746,225,[8756.224 8694.044 8809.896],[238.98268938 257.84392578 240.51863376],[8081. 7868. 8188.],[9260. 9176. 9246.]
266,250,779885557216.02,359.9155088382627,0.3045380115509033,229,[8753.94  8698.36  8809.972],[240.97990041 259.14389516 239.69786652],[8081. 7868. 8188.],[9260. 9176. 9246.]
267,250,779885557216.02,355.5897900315024,0.3600273132324219,214,[8757.808 8705.624 8789.88 ],[245.07026571 265.47386053 229.99998609],[8081. 7868. 8188.],[9260. 9176. 9246.]
268,250,779885557216.02,355.58848848031414,0.2915027141571045,217,[8752.78  8710.932 8791.104],[245.97293266 265.59373369 229.99841126],[8081. 7868. 8188.],[9260. 9176. 9246.]
269,250,779885557216.02,358.1201804000834,0.31502413749694824,221,[8751.848 8712.744 8792.088],[246.5258463  266.10641192 230.13450036],[8081. 7868. 8188.],[9260. 9211. 9246.]
270,250,782505233380.3375,358.69541781095364,0.31702756881713867,224,[8758.028 8710.028 8791.8  ],[243.52544675 266.71309532 232.59195171],[8081. 7868. 8188.],[9260. 9211. 9246.]
271,250,782505233380.3375,358.69541781095364,0.30602455139160156,224,[8756.188 8712.476 8788.74 ],[245.0771647  266.86311364 234.38373749],[8081. 7868. 8188.],[9260. 9211. 9246.]
272,250,782505233380.3375,359.5919605410398,0.33402252197265625,225,[8752.516 8714.656 8793.164],[246.08265633 268.26364954 231.9062593 ],[8081. 7868. 8188.],[9260. 9211. 9246.]
273,250,782505233380.3375,359.62588608610054,0.2970449924468994,227,[8751.336 8716.62  8792.004],[246.45390462 267.17376293 233.40182515],[8081. 7868. 8188.],[9260. 9211. 9246.]
274,250,782505233380.3375,361.10702557138734,0.2940194606781006,229,[8755.928 8716.484 8787.516],[246.87586114 270.74030683 231.00156221],[8080. 7868. 8188.],[9260. 9211. 9246.]
275,250,782505233380.3375,357.18196575816904,0.2850205898284912,226,[8755.96  8717.56  8788.436],[248.50470901 266.90354512 227.6960384 ],[8080. 7868. 8188.],[9260. 9211. 9246.]
276,250,782505233380.3375,357.35552270672497,0.34102535247802734,225,[8758.856 8717.372 8783.2  ],[250.2481234  268.28659604 230.00132174],[8080. 7868. 8188.],[9260. 9211. 9246.]
277,250,782505233380.3375,357.98940080618604,0.3022944927215576,224,[8762.644 8714.324 8785.392],[247.43088987 267.70754757 229.45404406],[8080. 7868. 8188.],[9260. 9211. 9246.]
278,250,782505233380.3375,356.6533955096457,0.3096296787261963,226,[8761.604 8715.896 8784.928],[248.11709974 264.27945282 232.04988002],[8080. 7868. 8188.],[9260. 9211. 9246.]
279,250,782505233380.3375,355.66090694486843,0.5200402736663818,223,[8758.548 8711.376 8797.628],[251.60968124 264.39306085 227.35032354],[8080. 7868. 8188.],[9260. 9211. 9246.]
280,250,782559412057.2683,357.3431709754111,0.35602593421936035,225,[8760.008 8712.348 8796.908],[248.50464772 262.82732525 230.6720866 ],[8080. 7868. 8188.],[9260. 9211. 9246.]
281,250,782559412057.2683,355.85254342981625,0.3680260181427002,226,[8763.536 8709.592 8798.64 ],[246.7644235  263.09747535 227.92652851],[8080. 7868. 8188.],[9260. 9211. 9246.]
282,250,782559412057.2683,356.43832953102543,0.3160245418548584,229,[8757.936 8715.7   8798.956],[250.55465652 265.27607129 225.1482935 ],[8080. 7868. 8188.],[9260. 9211. 9246.]
283,250,782559412057.2683,357.579514619067,0.2830185890197754,229,[8758.316 8716.572 8802.492],[249.44666794 260.29009358 223.96012577],[8080. 7966. 8188.],[9260. 9211. 9246.]
284,250,782559412057.2683,360.82732786067214,0.35202693939208984,227,[8763.848 8711.62  8800.24 ],[247.23700551 258.74575088 226.6852761 ],[8080. 7966. 8188.],[9260. 9211. 9246.]
285,250,782559412057.2683,359.4064827446176,0.4900364875793457,232,[8757.284 8721.344 8798.464],[251.32874755 259.46856778 229.41131773],[8080. 7966. 8188.],[9260. 9211. 9246.]
286,250,782559412057.2683,362.6903837127059,0.2850208282470703,223,[8758.26  8713.984 8800.204],[253.33535166 261.51616345 229.27807218],[8080. 7966. 8188.],[9260. 9211. 9246.]
287,250,782559412057.2683,364.2810927336199,0.30402183532714844,224,[8758.744 8711.928 8796.008],[256.53245889 266.40625146 232.62930154],[8080. 7966. 8188.],[9260. 9211. 9246.]
288,250,782559412057.2683,384.5511036562307,0.28402018547058105,204,[8766.348 8692.608 8803.52 ],[263.03962229 269.68324816 231.97134651],[8080. 7966. 8188.],[9260. 9211. 9246.]
289,250,782559412057.2683,383.8128520873331,0.2900209426879883,205,[8768.28  8687.896 8799.712],[265.83530541 279.87513856 233.86402258],[8081. 7965. 8188.],[9260. 9211. 9246.]
290,250,782693242064.1846,382.5409124777055,0.2760200500488281,207,[8760.188 8692.508 8804.444],[270.66561041 273.8234503  235.38512881],[8069. 7965. 8188.],[9260. 9211. 9246.]
291,250,782693242064.1846,383.85951882134816,0.36102747917175293,199,[8751.74  8697.412 8812.648],[275.12565929 271.53314762 230.82328326],[8069. 7965. 8235.],[9260. 9211. 9246.]
292,250,782693242064.1846,382.8735780387344,0.23201560974121094,202,[8751.776 8697.68  8812.956],[274.01555763 273.41365291 230.88693784],[8069. 7965. 8235.],[9260. 9211. 9246.]
293,250,782693242064.1846,385.16319435639065,0.24701762199401855,206,[8754.544 8693.292 8811.968],[274.68343973 275.70517357 231.74154348],[8069. 7965. 8235.],[9260. 9211. 9246.]
294,250,782693242064.1846,385.4216236643825,0.22301554679870605,209,[8757.612 8692.88  8810.744],[274.52696308 275.56910132 236.10590519],[8069. 7965. 8235.],[9260. 9211. 9246.]
295,250,782693242064.1846,390.7089417125136,0.34802675247192383,208,[8771.32  8682.92  8804.168],[272.36331912 284.7540019  238.04077755],[8069. 7965. 8235.],[9260. 9211. 9246.]
296,250,782693242064.1846,391.42498836570934,0.3700261116027832,206,[8766.144 8685.58  8805.412],[274.47519972 283.3974093  235.35104473],[8069. 7965. 8235.],[9260. 9211. 9246.]
297,250,782693242064.1846,390.27663737872007,0.24001836776733398,204,[8765.88 8691.86 8801.44],[276.0349717  281.92312498 234.54106336],[8069. 7965. 8235.],[9260. 9211. 9246.]
298,250,782693242064.1846,389.3438767179895,0.3470265865325928,204,[8762.792 8694.956 8802.64 ],[275.3096234  285.05689619 233.8664371 ],[8069. 7965. 8235.],[9260. 9211. 9246.]
299,250,782693242064.1846,387.3758209943213,0.2810213565826416,205,[8755.488 8702.004 8808.284],[275.11244584 285.5420319  228.82175453],[8069. 7965. 8235.],[9260. 9211. 9246.]
300,250,782865399344.7375,387.32988891859634,0.2700216770172119,205,[8756.884 8699.304 8808.268],[278.65356008 286.48468647 226.69508194],[8069. 7965. 8235.],[9260. 9211. 9246.]
301,250,782865399344.7375,386.27963772052726,0.2520146369934082,207,[8763.192 8695.9   8805.06 ],[275.86997505 285.75277776 226.91082037],[8069. 7965. 8235.],[9260. 9211. 9246.]
302,250,782865399344.7375,389.0823033946031,0.2570207118988037,202,[8758.004 8694.    8811.408],[274.4783197  288.87368866 224.22360611],[8069. 7965. 8235.],[9260. 9211. 9246.]
303,250,782865399344.7375,388.9665667772524,0.23001813888549805,202,[8753.068 8694.328 8817.8  ],[276.08473948 289.29987974 223.61738752],[8069. 7965. 8235.],[9260. 9211. 9246.]
304,250,782865399344.7375,387.67278565386863,0.23401737213134766,206,[8757.724 8696.308 8817.148],[274.31799034 282.89220056 226.03452412],[8069. 7966. 8235.],[9260. 9211. 9246.]
305,250,782865399344.7375,387.2290605433498,0.23801875114440918,206,[8750.76  8699.816 8816.048],[276.76711943 286.03581269 229.04165057],[8069. 7966. 8235.],[9260. 9211. 9246.]
306,250,782865399344.7375,388.35448091348707,0.22301411628723145,207,[8747.68  8705.612 8818.324],[278.85136112 284.13035997 225.9333774 ],[8069. 7966. 8235.],[9260. 9211. 9246.]
307,250,782865399344.7375,388.59774071095563,0.22501707077026367,210,[8743.132 8711.536 8820.816],[278.02850677 282.20523153 227.18900973],[8069. 7966. 8235.],[9260. 9211. 9246.]
308,250,782865399344.7375,391.571195651891,0.2510182857513428,209,[8743.736 8707.056 8823.392],[281.43833837 285.72015131 227.19584137],[8069. 7966. 8235.],[9260. 9211. 9246.]
309,250,782865399344.7375,388.0419362156506,0.24801850318908691,207,[8741.868 8712.808 8823.148],[279.0996714  281.45280801 226.37647867],[8069. 7966. 8235.],[9260. 9211. 9246.]
310,250,782959876862.8789,385.8088936499633,0.23601722717285156,210,[8749.52  8707.18  8819.184],[277.65197208 286.14429157 230.90681702],[8069. 7966. 8235.],[9260. 9211. 9246.]
311,250,782959876862.8789,382.9788096134706,0.31502366065979004,213,[8751.976 8711.236 8820.188],[276.81244088 278.60178805 229.68667496],[8069. 7966. 8235.],[9260. 9211. 9246.]
312,250,782959876862.8789,383.71482494175564,0.25801873207092285,218,[8752.212 8712.732 8824.88 ],[271.29602846 277.67094946 227.30636947],[8078. 7966. 8235.],[9260. 9211. 9246.]
313,250,782959876862.8789,384.80255446700994,0.2420189380645752,220,[8752.56  8710.952 8827.644],[272.82350045 280.91437431 224.27427241],[8078. 7966. 8235.],[9260. 9211. 9246.]
314,250,782959876862.8789,384.19548724128254,0.22901344299316406,220,[8752.676 8714.268 8823.636],[276.52867306 281.55385307 224.70950025],[8078. 7966. 8235.],[9260. 9211. 9246.]
315,250,782959876862.8789,381.4561789794258,0.2250363826751709,217,[8743.156 8724.608 8827.096],[273.79411912 276.1422357  228.24644309],[8078. 7966. 8235.],[9260. 9211. 9246.]
316,250,782959876862.8789,381.4470269954078,0.28201937675476074,219,[8742.292 8729.044 8819.928],[274.73876817 277.61765445 230.49325113],[8078. 7966. 8235.],[9260. 9211. 9246.]
317,250,782959876862.8789,383.1417445449068,0.26701927185058594,223,[8740.072 8727.868 8827.828],[272.3478269  273.38920713 227.06745785],[8078. 7966. 8235.],[9260. 9211. 9246.]
318,250,782959876862.8789,383.1417445449068,0.2220165729522705,223,[8739.764 8723.084 8832.812],[275.47132755 277.30379901 225.59315738],[8078. 7966. 8235.],[9260. 9211. 9246.]
319,250,782959876862.8789,382.0485599842049,0.22201752662658691,225,[8733.464 8731.76  8829.968],[275.00965929 274.34118612 228.19389776],[8078. 7966. 8235.],[9260. 9211. 9246.]
320,250,783198751990.1327,386.02361314917516,0.21108150482177734,223,[8733.952 8732.328 8829.248],[273.11783116 273.65951914 228.72866566],[8078. 7966. 8235.],[9260. 9211. 9246.]
321,250,783198751990.1327,386.20468669957967,0.22101569175720215,226,[8734.268 8733.548 8828.016],[276.05449494 274.39152993 228.79700991],[8078. 7966. 8235.],[9260. 9211. 9246.]
322,250,783198751990.1327,385.57401348753183,0.22601842880249023,230,[8737.108 8731.72  8832.38 ],[276.92991232 275.52799059 223.40138675],[8078. 7966. 8235.],[9260. 9211. 9246.]
323,250,783198751990.1327,386.79386300754334,0.23501873016357422,233,[8736.404 8733.436 8833.176],[274.42690973 275.21554808 224.88829455],[8078. 7966. 8235.],[9260. 9211. 9246.]
324,250,783198751990.1327,385.92040415661455,0.30553603172302246,235,[8737.256 8735.796 8832.816],[271.52403662 273.48844653 224.49482431],[8078. 7966. 8235.],[9260. 9211. 9246.]
325,250,783198751990.1327,384.86208995524515,0.3140237331390381,238,[8737.42  8739.972 8832.708],[271.89226469 271.13232787 222.07996473],[8078. 7966. 8235.],[9260. 9211. 9255.]
326,250,783198751990.1327,386.14314115849083,0.26201939582824707,240,[8740.308 8736.316 8830.052],[273.06543746 274.52179539 222.972342  ],[8078. 7966. 8235.],[9260. 9211. 9255.]
327,250,783198751990.1327,385.40348574625904,0.4160311222076416,241,[8738.988 8738.336 8831.516],[271.67282502 272.06175605 222.50052077],[8078. 7966. 8235.],[9260. 9211. 9255.]
328,250,783198751990.1327,395.67939528531747,0.2460169792175293,230,[8735.348 8737.084 8822.476],[277.55475657 279.24722549 227.01760598],[8078. 7966. 8215.],[9260. 9211. 9255.]
329,250,783198751990.1327,394.6834128314714,0.2380201816558838,232,[8735.856 8737.632 8824.696],[278.46111984 279.97901453 225.90519158],[8078. 7966. 8215.],[9260. 9211. 9255.]
330,250,783948166805.1998,391.97744038293393,0.3960306644439697,235,[8741.3   8736.58  8823.256],[277.23463348 283.50773464 225.2862323 ],[8078. 7966. 8215.],[9260. 9211. 9255.]
331,250,783948166805.1998,392.07965318929985,0.31519412994384766,235,[8736.62  8740.336 8824.684],[279.40331351 280.65446211 226.07198885],[8078. 7966. 8215.],[9262. 9211. 9255.]
332,250,783948166805.1998,392.68633733846247,0.6030449867248535,235,[8738.12  8740.228 8823.848],[280.15825813 280.51797806 224.95745575],[8078. 7966. 8215.],[9262. 9211. 9255.]
333,250,783948166805.1998,393.2864514619868,0.6280455589294434,236,[8732.932 8745.768 8824.288],[280.32364042 279.81594339 225.58919534],[8078. 7958. 8215.],[9262. 9211. 9255.]
334,250,783948166805.1998,393.2864514619868,0.3270258903503418,236,[8733.724 8744.652 8822.076],[281.06979885 279.90603226 228.0660041 ],[8078. 7958. 8190.],[9262. 9211. 9255.]
335,250,783948166805.1998,395.4405147903149,0.25401997566223145,240,[8735.268 8743.58  8826.948],[281.48515445 281.05583004 225.17035617],[8078. 7958. 8190.],[9262. 9211. 9255.]
336,250,783948166805.1998,394.8798581368341,0.22301864624023438,241,[8735.016 8747.78  8825.848],[280.85765744 279.0514139  223.750202  ],[8078. 7958. 8235.],[9262. 9211. 9255.]
337,250,783948166805.1998,399.39166720023786,0.404033899307251,237,[8732.916 8742.54  8827.124],[283.63490079 283.05212312 226.7425426 ],[8078. 7958. 8235.],[9262. 9211. 9255.]
338,250,783948166805.1998,398.6675338632071,0.29701972007751465,234,[8742.632 8743.096 8821.296],[284.57420926 283.25273306 222.94749244],[8078. 7958. 8235.],[9262. 9211. 9255.]
339,250,783948166805.1998,398.2522774415064,0.42403197288513184,234,[8738.292 8744.172 8824.868],[279.77031783 281.54053068 224.49517272],[8081. 7958. 8235.],[9262. 9211. 9255.]
340,250,784356065140.0443,398.3075812204434,0.49103713035583496,233,[8745.94 8737.26 8825.68],[280.56182278 283.57678396 223.23652389],[8081. 7958. 8235.],[9264. 9211. 9255.]
341,250,784356065140.0443,397.329311024235,0.42203235626220703,235,[8746.   8739.5  8825.06],[283.06998428 282.89944857 222.00881154],[8081. 7958. 8235.],[9264. 9211. 9255.]
342,250,784356065140.0443,396.10390748420195,0.38902759552001953,238,[8745.648 8742.868 8825.412],[281.32642268 280.78615809 221.64357481],[8081. 7958. 8235.],[9264. 9211. 9255.]
343,250,784356065140.0443,398.3428113711775,0.4230313301086426,236,[8741.58  8744.2   8825.676],[281.68610118 280.82538347 223.85824761],[8081. 7958. 8235.],[9264. 9211. 9255.]
344,250,784356065140.0443,400.4693794319907,0.23901915550231934,234,[8745.664 8738.484 8826.84 ],[283.41661049 284.16419504 224.10948753],[8081. 7958. 8235.],[9264. 9211. 9255.]
345,250,784356065140.0443,397.3971222792389,0.2940232753753662,232,[8746.108 8742.572 8821.592],[285.49023159 284.02568337 226.18689957],[8023. 7958. 8235.],[9264. 9211. 9255.]
346,250,784356065140.0443,397.83763666650407,0.23201751708984375,233,[8744.4   8740.272 8825.96 ],[286.23042466 285.95693035 224.7928433 ],[8023. 7958. 8235.],[9264. 9211. 9255.]
347,250,784356065140.0443,397.63691018552277,0.26401782035827637,233,[8751.2   8737.208 8824.468],[284.35552395 285.60768326 225.17305562],[8023. 7958. 8235.],[9264. 9211. 9255.]
348,250,784356065140.0443,400.3126437911621,0.2290184497833252,233,[8751.956 8735.072 8824.18 ],[285.27324807 287.45965076 226.36097632],[8023. 7958. 8235.],[9264. 9211. 9255.]
349,250,784356065140.0443,394.6205999087045,0.246018648147583,230,[8746.128 8746.06  8821.148],[285.92333171 277.87166894 225.1770994 ],[8023. 7958. 8235.],[9264. 9211. 9255.]
350,250,784642897133.7611,396.67863376739245,0.3250243663787842,232,[8754.736 8736.668 8820.24 ],[287.55075083 286.04592249 224.55350899],[8023. 7958. 8235.],[9264. 9211. 9255.]
351,250,784642897133.7611,399.1484033545764,0.3850269317626953,225,[8749.928 8731.28  8831.2  ],[293.19386558 286.95406183 221.18813711],[8023. 7958. 8235.],[9264. 9211. 9255.]
352,250,784642897133.7611,400.6244136520107,0.38902926445007324,229,[8756.864 8730.124 8824.144],[294.31631539 290.2101663  224.14592404],[8023. 7958. 8235.],[9264. 9211. 9255.]
353,250,784642897133.7611,400.6244136520107,0.38303589820861816,229,[8752.928 8731.252 8825.348],[297.43614242 291.13708884 221.57410249],[8023. 7958. 8235.],[9264. 9211. 9255.]
354,250,784642897133.7611,397.64717879665585,0.3340332508087158,229,[8755.888 8735.144 8824.064],[293.322586   288.65052098 220.09431593],[8023. 7958. 8235.],[9264. 9211. 9255.]
355,250,784642897133.7611,396.70852799060606,0.27802300453186035,229,[8753.816 8739.296 8824.472],[289.98603784 285.93203455 220.88654376],[8023. 7958. 8235.],[9264. 9211. 9255.]
356,250,784642897133.7611,396.6386184397133,0.27602076530456543,232,[8749.956 8742.116 8827.468],[291.62321249 286.53676648 218.85454753],[8023. 7958. 8235.],[9264. 9211. 9255.]
357,250,784642897133.7611,397.8818884255928,0.3070213794708252,234,[8750.736 8737.864 8834.568],[290.72999554 286.31772125 214.77852168],[8023. 7958. 8235.],[9264. 9211. 9255.]
358,250,784642897133.7611,397.1524740797237,0.38202548027038574,236,[8756.556 8738.22  8831.096],[290.91751213 285.92164591 214.23476558],[8023. 7958. 8235.],[9264. 9211. 9255.]
359,250,784642897133.7611,397.63594760919693,0.2530193328857422,238,[8754.764 8740.46  8831.136],[291.24570435 285.22129023 215.59969737],[8023. 7958. 8235.],[9264. 9211. 9255.]
360,250,784695730449.7844,392.5728202553493,0.28002023696899414,232,[8766.964 8731.124 8826.872],[286.26453973 285.10996584 217.01210938],[8023. 7958. 8235.],[9264. 9211. 9255.]
361,250,784695730449.7844,392.5728202553493,0.29102110862731934,232,[8769.856 8732.42  8824.656],[285.24817837 284.06498482 219.32976466],[8023. 7958. 8235.],[9264. 9211. 9255.]
362,250,784695730449.7844,390.94979844691625,0.20601463317871094,232,[8760.884 8740.116 8826.044],[282.79926192 281.6762371  220.69670152],[8023. 7958. 8235.],[9264. 9211. 9255.]
363,250,784695730449.7844,390.5419163745418,0.21701836585998535,233,[8765.68 8733.06 8828.1 ],[283.30355734 286.12040892 219.2681509 ],[8023. 7958. 8235.],[9264. 9211. 9255.]
364,250,784695730449.7844,389.9068432538952,0.24301886558532715,235,[8766.408 8733.928 8830.308],[282.56526598 282.89263479 218.13569432],[8023. 7958. 8235.],[9264. 9211. 9255.]
365,250,784695730449.7844,388.83451113781143,0.20201468467712402,238,[8768.5   8740.18  8826.384],[281.23412666 279.46868805 218.02362382],[8023. 7958. 8235.],[9264. 9211. 9255.]
366,250,784695730449.7844,390.6983693159443,0.20801615715026855,242,[8769.724 8741.244 8829.58 ],[280.79819056 276.73065689 217.73926518],[8023. 7958. 8235.],[9264. 9211. 9255.]
367,250,784695730449.7844,393.02765315666625,0.23556065559387207,242,[8773.048 8735.7   8830.04 ],[282.94379247 282.31368723 217.34880354],[8023. 7958. 8235.],[9334. 9211. 9255.]
368,250,784695730449.7844,395.3313447920608,0.2420191764831543,235,[8777.636 8722.288 8832.86 ],[285.71213398 285.17021769 219.87964071],[8023. 7958. 8235.],[9334. 9211. 9255.]
369,250,784695730449.7844,396.57350536357796,0.2050187587738037,239,[8776.048 8726.832 8834.792],[288.03017497 283.16839473 217.16295434],[8023. 7958. 8235.],[9334. 9211. 9255.]
370,250,789782583610.1813,394.79312986354336,0.2691667079925537,243,[8777.728 8728.42  8838.272],[285.53472296 279.27965125 216.10617302],[8023. 7958. 8235.],[9334. 9211. 9255.]
371,250,789782583610.1813,391.0911880986519,0.20501422882080078,244,[8779.436 8727.544 8842.56 ],[280.91972858 277.36100675 214.90272776],[8023. 7958. 8235.],[9334. 9211. 9255.]
372,250,789782583610.1813,387.8555226860904,0.21201419830322266,243,[8783.692 8727.34  8838.748],[279.55505564 279.68280677 214.1653485 ],[8023. 7958. 8235.],[9334. 9211. 9255.]
373,250,789782583610.1813,387.99445703659916,0.24501752853393555,246,[8784.136 8730.96  8843.38 ],[275.33962574 274.69020805 209.43996658],[8023. 7958. 8259.],[9334. 9211. 9255.]
374,250,789782583610.1813,387.44051592705097,0.21401596069335938,247,[8785.936 8729.52  8844.896],[272.8108867  273.11625656 209.13348174],[8023. 7958. 8259.],[9334. 9211. 9255.]
375,250,789782583610.1813,382.4398498515671,0.25601649284362793,245,[8775.144 8737.836 8850.736],[274.91785548 272.15924953 201.91416568],[8023. 7958. 8308.],[9334. 9211. 9255.]
376,250,789782583610.1813,383.2176437776045,0.21152257919311523,245,[8779.764 8737.088 8846.98 ],[273.41624733 274.6721687  203.32634753],[8023. 7958. 8308.],[9334. 9211. 9255.]
377,250,789782583610.1813,383.23665547402817,0.2720210552215576,245,[8782.596 8734.124 8849.784],[271.51699907 272.67541991 205.08429814],[8023. 7958. 8308.],[9334. 9211. 9255.]
378,250,789782583610.1813,382.9808317617173,0.21701431274414062,246,[8783.404 8733.216 8851.228],[270.5384867  271.75526001 205.11961392],[8023. 7958. 8308.],[9334. 9211. 9255.]
379,250,789782583610.1813,382.291353608498,0.23906946182250977,247,[8782.388 8736.168 8851.268],[269.34497852 267.28993205 205.09557815],[8023. 7979. 8308.],[9334. 9211. 9255.]
380,250,789823562315.2926,383.87101323454334,0.22963452339172363,248,[8783.656 8733.168 8853.372],[270.18858907 270.55482952 202.35545364],[8023. 7979. 8308.],[9334. 9211. 9255.]
381,250,789823562315.2926,384.3796142046377,0.2550210952758789,249,[8787.832 8731.64  8853.304],[265.89916092 271.67303584 201.83717097],[8107. 7979. 8308.],[9334. 9211. 9255.]
382,250,789823562315.2926,386.1318614246283,0.1960153579711914,250,[8784.776 8735.952 8850.56 ],[268.11274834 268.91183257 203.86999387],[8075. 8000. 8308.],[9334. 9219. 9255.]
383,250,789823562315.2926,386.25133151425,0.2940223217010498,250,[8784.132 8736.572 8851.284],[268.13425476 269.27411464 203.42765629],[8075. 8000. 8308.],[9334. 9219. 9255.]
384,250,789823562315.2926,386.96036608368934,0.31502413749694824,250,[8782.508 8738.22  8850.212],[268.07654492 269.96849372 204.54869116],[8075. 8000. 8308.],[9334. 9219. 9255.]
385,250,789823562315.2926,385.94036743783164,0.24901914596557617,250,[8783.224 8738.324 8849.764],[267.91362381 269.09100881 204.16819611],[8075. 8000. 8308.],[9334. 9219. 9255.]
386,250,789823562315.2926,386.89609269438324,0.2660233974456787,249,[8783.248 8737.032 8850.968],[267.91372211 269.33232813 205.36957656],[8075. 8000. 8308.],[9334. 9219. 9255.]
387,250,789823562315.2926,389.6433831256371,0.22501850128173828,250,[8781.252 8738.32  8850.712],[269.11011221 270.01540993 206.06351704],[8075. 8000. 8308.],[9334. 9219. 9255.]
388,250,789823562315.2926,390.8711055235778,0.2440204620361328,250,[8782.568 8735.136 8850.94 ],[270.73511294 270.4567202  206.71305813],[8075. 8000. 8308.],[9334. 9219. 9255.]
389,250,789823562315.2926,391.8321651327804,0.2310190200805664,250,[8786.628 8729.392 8852.196],[269.30096475 272.24080211 207.57224666],[8075. 8000. 8308.],[9334. 9219. 9255.]
390,250,790460328060.5554,391.8506809151701,0.2590184211730957,250,[8786.632 8729.404 8852.228],[269.30002706 272.24587561 207.58038447],[8075. 8000. 8308.],[9334. 9219. 9255.]
391,250,790460328060.5554,392.17674769791705,0.26601719856262207,250,[8791.868 8726.28  8849.544],[267.07072205 273.63625783 209.96369225],[8075. 8000. 8308.],[9334. 9219. 9255.]
392,250,790460328060.5554,392.4462109080083,0.5400397777557373,246,[8795.752 8723.68  8844.16 ],[267.99327323 277.12619797 211.85109488],[8075. 8000. 8308.],[9334. 9219. 9255.]
393,250,790460328060.5554,391.5060084322262,0.5150408744812012,248,[8796.312 8723.148 8845.068],[266.88882827 277.96347619 210.97258442],[8075. 8000. 8308.],[9334. 9219. 9255.]
394,250,790460328060.5554,391.427195735458,0.3250248432159424,250,[8793.296 8729.024 8844.252],[265.63892859 275.61043417 210.59514832],[8075. 8000. 8308.],[9334. 9219. 9255.]
395,250,790460328060.5554,392.38231830818137,0.24201488494873047,250,[8796.272 8725.968 8845.036],[265.60992078 275.25037144 211.2228082 ],[8075. 8000. 8308.],[9334. 9219. 9255.]
396,250,790460328060.5554,391.3489291984009,0.2960214614868164,249,[8794.084 8726.832 8846.128],[266.51421903 274.26818222 212.46554454],[8075. 8000. 8308.],[9334. 9219. 9255.]
397,250,790460328060.5554,389.3722766718529,0.3890266418457031,248,[8794.904 8733.58  8840.032],[263.42651116 278.39236268 211.90129536],[8075. 8000. 8308.],[9334. 9219. 9294.]
398,250,790460328060.5554,387.96363001356326,0.28202080726623535,249,[8788.896 8741.124 8843.54 ],[262.61170801 271.95212193 211.07858347],[8075. 8000. 8308.],[9334. 9219. 9294.]
399,250,790460328060.5554,389.66851487539185,0.27501845359802246,250,[8792.668 8738.212 8842.176],[262.68730798 272.23740936 211.5495049 ],[8075. 8000. 8308.],[9334. 9219. 9294.]
400,250,793385406045.9817,390.9335620628046,0.23701882362365723,250,[8790.824 8739.124 8842.224],[264.35659444 273.36988244 211.16508666],[8075. 8000. 8308.],[9334. 9219. 9294.]
401,250,793385406045.9817,390.60763942238924,0.20401382446289062,250,[8790.88  8739.684 8842.776],[264.40703773 272.71142283 211.1925326 ],[8075. 8000. 8308.],[9334. 9219. 9294.]
402,250,793385406045.9817,394.3425297450913,0.23102045059204102,247,[8796.524 8733.908 8838.46 ],[267.75828171 275.672856   214.05853499],[8075. 8000. 8308.],[9334. 9219. 9294.]
403,250,793385406045.9817,391.3262378107786,0.24101972579956055,246,[8793.7   8738.024 8838.836],[267.67316264 273.43685089 213.807748  ],[8075. 8000. 8308.],[9334. 9219. 9294.]
404,250,793385406045.9817,390.79701865573935,0.21901631355285645,250,[8791.716 8741.296 8840.536],[265.48147081 269.36287863 212.37968053],[8075. 8000. 8308.],[9334. 9219. 9294.]
405,250,793385406045.9817,386.75454042960473,0.21401524543762207,250,[8786.316 8746.676 8845.576],[262.66567371 266.91889971 208.18529301],[8075. 8000. 8308.],[9334. 9219. 9294.]
406,250,793385406045.9817,386.97512901000806,0.3470280170440674,250,[8790.576 8743.708 8844.584],[261.85810704 267.5786216  207.5526992 ],[8075. 8000. 8308.],[9334. 9219. 9294.]
407,250,793385406045.9817,386.97512901000806,0.43003296852111816,250,[8790.576 8743.708 8844.584],[261.85810704 267.5786216  207.5526992 ],[8075. 8000. 8308.],[9334. 9219. 9294.]
408,250,793385406045.9817,386.97512901000806,0.3570272922515869,250,[8790.576 8743.708 8844.584],[261.85810704 267.5786216  207.5526992 ],[8075. 8000. 8308.],[9334. 9219. 9294.]
409,250,793385406045.9817,389.22938937890353,0.27402234077453613,250,[8790.472 8742.812 8846.196],[263.43046372 268.42362164 206.62353589],[8075. 8000. 8308.],[9334. 9219. 9294.]
410,250,793526002105.989,388.9314544461166,0.26502180099487305,250,[8791.264 8742.02  8846.956],[262.85709103 268.08348625 207.05093592],[8075. 8000. 8308.],[9334. 9219. 9294.]
411,250,793526002105.989,387.92520136175597,0.2480180263519287,250,[8791.836 8742.352 8845.804],[262.80910392 268.12845447 206.59073935],[8075. 8000. 8308.],[9334. 9219. 9294.]
412,250,793526002105.989,390.3090340156236,0.3220484256744385,249,[8788.96  8743.248 8849.052],[263.68568865 268.12669113 207.81667232],[8075. 8000. 8308.],[9334. 9219. 9294.]
413,250,793526002105.989,389.744325183084,0.3750283718109131,250,[8790.736 8743.476 8847.064],[263.55197268 268.13531178 207.41026952],[8075. 8000. 8308.],[9334. 9219. 9294.]
414,250,793526002105.989,391.8997403515934,0.19901180267333984,250,[8789.256 8742.4   8849.824],[264.30336824 267.79309924 209.14169604],[8075. 8000. 8308.],[9334. 9219. 9294.]
415,250,793526002105.989,390.0378890973335,0.2068500518798828,245,[8794.408 8732.708 8852.508],[263.70547498 264.73715028 212.49375035],[8075. 8000. 8219.],[9334. 9219. 9294.]
416,250,793526002105.989,389.798337678673,0.22801566123962402,246,[8794.812 8735.12  8853.828],[263.38555894 264.0034727  211.81178064],[8075. 8000. 8296.],[9334. 9219. 9294.]
417,250,793526002105.989,387.6632529016245,0.222015380859375,247,[8799.112 8730.672 8853.916],[260.68341615 266.92302339 212.21837089],[8075. 7947. 8296.],[9334. 9219. 9294.]
418,250,793526002105.989,387.25633855571505,0.23701977729797363,247,[8798.908 8731.644 8853.272],[260.78583462 267.17231381 211.75366352],[8075. 7947. 8296.],[9334. 9219. 9294.]
419,250,793526002105.989,383.4633098141226,0.19701480865478516,243,[8790.7   8738.424 8853.576],[260.79675228 266.44940275 212.6964697 ],[8075. 7947. 8296.],[9334. 9219. 9294.]
420,250,793567829033.9661,384.9738884252988,0.2150740623474121,246,[8790.904 8740.224 8853.652],[260.42710839 263.54100596 214.59374384],[8075. 8000. 8296.],[9334. 9219. 9294.]
421,250,793567829033.9661,384.9470436567185,0.28001999855041504,249,[8792.972 8740.392 8855.132],[258.80428748 262.74400913 212.15455351],[8075. 8000. 8308.],[9334. 9219. 9294.]
422,250,793567829033.9661,385.9969609108821,0.3230264186859131,250,[8789.084 8744.392 8856.392],[259.80997083 261.49632184 211.36353123],[8075. 8000. 8308.],[9334. 9219. 9294.]
423,250,793567829033.9661,385.13559204182485,0.2330164909362793,250,[8789.54  8745.252 8854.548],[259.62497646 261.5751909  210.9450727 ],[8075. 8000. 8308.],[9334. 9219. 9294.]
424,250,793567829033.9661,385.5569189754826,0.25002121925354004,250,[8789.152 8744.824 8856.116],[259.30263573 261.68547729 211.7083998 ],[8075. 8000. 8308.],[9334. 9219. 9294.]
425,250,793567829033.9661,381.60037477976203,0.4050319194793701,246,[8786.656 8749.732 8852.224],[260.83322193 260.56115631 214.47291163],[8075. 8000. 8243.],[9334. 9219. 9294.]
426,250,793567829033.9661,381.1117458980281,0.27302122116088867,243,[8783.004 8747.064 8860.432],[263.2381659  261.19455566 210.62796912],[8075. 8000. 8308.],[9334. 9219. 9294.]
427,250,793567829033.9661,381.8213144186784,0.24101853370666504,238,[8789.988 8738.34  8855.956],[265.41097915 265.43574816 211.48759317],[8075. 8000. 8308.],[9334. 9219. 9294.]
428,250,793567829033.9661,381.8213144186784,0.31502270698547363,238,[8790.188 8740.492 8852.788],[264.699257   267.79175853 212.8189819 ],[8075. 8000. 8308.],[9334. 9219. 9294.]
429,250,793567829033.9661,384.44583209615973,0.23201847076416016,244,[8779.572 8751.924 8856.348],[269.47500963 265.8075511  208.14086311],[8075. 8000. 8308.],[9334. 9219. 9294.]
430,250,793635727813.799,380.65929258079103,0.39102959632873535,244,[8780.1   8757.036 8853.276],[268.3399523  260.52435338 210.90962952],[8075. 8000. 8308.],[9334. 9219. 9294.]
431,250,793635727813.799,379.94741400046865,0.21701383590698242,245,[8778.088 8760.732 8853.384],[267.15712279 256.9836185  210.86977153],[8075. 8000. 8308.],[9334. 9219. 9294.]
432,250,793635727813.799,377.96035195368205,0.2330150604248047,243,[8785.388 8751.612 8851.136],[263.80754625 261.49736032 213.26625027],[8075. 8000. 8248.],[9334. 9219. 9294.]
433,250,793635727813.799,378.4448640139408,0.20201492309570312,244,[8781.3   8757.076 8851.74 ],[266.13920042 258.03845881 213.19786209],[8075. 8000. 8248.],[9334. 9219. 9294.]
434,250,793635727813.799,378.6282825765502,0.2110140323638916,245,[8780.58  8757.124 8853.48 ],[264.17824967 258.53198762 212.91720832],[8075. 8000. 8248.],[9334. 9219. 9294.]
435,250,793635727813.799,378.44653296966015,0.19902420043945312,245,[8783.216 8755.7   8854.396],[263.46814863 259.01268309 212.02590215],[8075. 8000. 8308.],[9334. 9219. 9294.]
436,250,793635727813.799,378.03820285219786,0.20601487159729004,248,[8782.108 8759.564 8857.744],[262.37974071 254.02895485 210.68370242],[8075. 8000. 8308.],[9334. 9219. 9294.]
437,250,793635727813.799,380.01298385346837,0.32202577590942383,248,[8778.528 8762.352 8858.552],[263.4831327  254.88274186 211.61721881],[8075. 8000. 8308.],[9334. 9219. 9294.]
438,250,793635727813.799,381.8390426879608,0.18602585792541504,250,[8783.344 8761.472 8855.928],[261.36358137 255.05171479 211.47225543],[8075. 8000. 8308.],[9334. 9219. 9294.]
439,250,793635727813.799,379.3538597028869,0.21501731872558594,249,[8786.04  8759.136 8860.284],[261.66251241 252.01908956 209.8471714 ],[8075. 8000. 8308.],[9334. 9219. 9294.]
440,250,793743854021.4951,376.99182810070363,0.24226641654968262,246,[8777.292 8764.844 8860.24 ],[261.37084523 252.90753185 213.62452668],[8075. 7905. 8308.],[9334. 9219. 9294.]
441,250,793743854021.4951,376.07235582477847,0.220017671585083,247,[8775.66  8769.248 8860.308],[263.02401487 247.9234771  212.23133872],[8075. 8000. 8308.],[9334. 9219. 9294.]
442,250,793743854021.4951,376.44287231337364,0.23603343963623047,248,[8777.168 8767.48  8862.26 ],[260.50910882 247.62282932 212.64532066],[8075. 8000. 8308.],[9334. 9219. 9294.]
443,250,793743854021.4951,377.22340184273094,0.20700287818908691,250,[8776.036 8768.64  8864.572],[258.79597119 246.45932403 211.90699096],[8075. 8000. 8308.],[9334. 9219. 9294.]
444,250,793743854021.4951,376.36924354756974,0.21346402168273926,250,[8777.028 8768.032 8864.536],[258.18758145 246.21827507 211.88916137],[8075. 8000. 8308.],[9334. 9219. 9294.]
445,250,793743854021.4951,377.5439674038829,0.20271015167236328,250,[8778.868 8765.712 8864.328],[258.54200931 247.891196   211.78346587],[8075. 8000. 8308.],[9334. 9219. 9294.]
446,250,793743854021.4951,377.1315910764855,0.22501540184020996,248,[8782.996 8761.244 8863.048],[258.62832788 250.43282625 212.78078319],[8075. 8000. 8308.],[9334. 9219. 9294.]
447,250,793743854021.4951,377.1924916898564,0.22101092338562012,250,[8780.292 8765.592 8863.436],[256.61318504 247.68112067 214.50271305],[8075. 8000. 8308.],[9334. 9219. 9294.]
448,250,793743854021.4951,377.19249168985647,0.26688456535339355,250,[8780.292 8765.592 8863.436],[256.61318504 247.68112067 214.50271305],[8075. 8000. 8308.],[9334. 9219. 9294.]
449,250,793743854021.4951,379.53245993902874,0.2160186767578125,250,[8781.804 8765.076 8860.144],[258.91780469 250.93882566 214.36420238],[8075. 8000. 8308.],[9334. 9219. 9294.]
450,250,793890048331.9009,378.13702931752186,0.251018762588501,250,[8780.62  8766.084 8864.364],[258.02602117 250.50439706 210.61251507],[8075. 8000. 8308.],[9334. 9219. 9294.]
451,250,793890048331.9009,377.89986095627864,0.22601604461669922,249,[8782.436 8763.92  8864.984],[258.69269395 250.84795714 209.58553324],[8075. 8000. 8308.],[9334. 9219. 9294.]
452,250,793890048331.9009,377.46614349174166,0.21501660346984863,250,[8782.46  8765.36  8865.216],[257.56287077 250.30881407 209.53170964],[8075. 8000. 8308.],[9334. 9219. 9294.]
453,250,793890048331.9009,378.2719417128754,0.30602264404296875,250,[8783.356 8764.384 8864.776],[258.00114198 250.75242879 209.42247688],[8075. 8000. 8308.],[9334. 9219. 9294.]
454,250,793890048331.9009,381.8405917890254,0.24901795387268066,250,[8784.028 8761.824 8864.78 ],[259.18457365 250.92513829 213.0173223 ],[8075. 8000. 8308.],[9334. 9219. 9294.]
455,250,793890048331.9009,381.3523685783868,0.19852590560913086,250,[8784.404 8762.056 8865.532],[259.32822597 250.59841353 212.07217869],[8075. 8000. 8308.],[9334. 9219. 9294.]
456,250,793890048331.9009,381.2377936452149,0.21059036254882812,250,[8784.596 8761.66  8865.74 ],[259.0928343  250.50477121 212.17722875],[8075. 8000. 8308.],[9334. 9219. 9294.]
457,250,793890048331.9009,382.8096704558411,0.21001338958740234,250,[8782.856 8762.304 8866.504],[260.62418012 251.04177259 211.80210099],[8075. 8000. 8308.],[9334. 9219. 9294.]
458,250,793890048331.9009,382.29805452807585,0.19801545143127441,250,[8779.164 8766.88  8865.416],[261.34876526 250.11143436 211.33725404],[8075. 8000. 8308.],[9334. 9219. 9294.]
459,250,793890048331.9009,380.1311279381623,0.21802973747253418,250,[8785.336 8763.392 8863.04 ],[259.05798406 249.98289209 211.328442  ],[8075. 8000. 8308.],[9334. 9219. 9294.]
460,250,793858858079.6807,378.47439954715765,0.19901466369628906,250,[8784.596 8764.572 8863.292],[257.80847306 249.16739116 211.28244304],[8075. 8000. 8308.],[9334. 9219. 9294.]
461,250,793858858079.6807,378.62814720602745,0.18901395797729492,250,[8784.904 8763.98  8863.292],[257.77711067 249.24168913 211.28244304],[8075. 8000. 8308.],[9334. 9219. 9294.]
462,250,793858858079.6807,379.22377536401365,0.19501113891601562,250,[8784.26  8763.512 8864.432],[258.31388735 248.81178802 211.68477833],[8075. 8000. 8308.],[9334. 9219. 9294.]
463,250,793858858079.6807,379.70917882645665,0.19298410415649414,250,[8785.748 8763.2   8863.548],[258.92551148 248.60553493 211.9622412 ],[8075. 8000. 8308.],[9334. 9219. 9294.]
464,250,793858858079.6807,380.3328590311356,0.247023344039917,250,[8784.652 8764.148 8863.408],[258.7040218  248.45693006 213.74501055],[8075. 8000. 8308.],[9334. 9219. 9294.]
465,250,793858858079.6807,381.0175574415,0.1980435848236084,250,[8784.728 8763.66  8864.252],[258.70447622 248.71950547 213.90972978],[8075. 8000. 8308.],[9334. 9219. 9294.]
466,250,793858858079.6807,381.84319400633177,0.18801546096801758,250,[8783.884 8763.448 8865.6  ],[258.56638324 248.78771532 214.53001655],[8075. 8000. 8308.],[9334. 9219. 9294.]
467,250,793858858079.6807,382.91900919857585,0.20804834365844727,250,[8784.436 8763.368 8862.984],[258.75530894 248.91235521 215.94256585],[8075. 8000. 8308.],[9334. 9219. 9294.]
468,250,793858858079.6807,386.28619880075786,0.20101428031921387,250,[8784.044 8763.268 8860.988],[261.43989379 250.32601977 216.53785779],[8075. 8000. 8308.],[9334. 9219. 9294.]
469,250,793858858079.6807,386.4935311156715,0.22201919555664062,250,[8785.284 8763.268 8859.424],[262.23236136 250.32601977 216.4345911 ],[8075. 8000. 8308.],[9334. 9219. 9294.]
470,250,793895566607.2936,388.80124093886064,0.20601511001586914,250,[8788.28  8762.456 8855.584],[264.45845345 251.08752272 217.79818857],[8075. 8000. 8308.],[9334. 9219. 9294.]
471,250,793895566607.2936,389.8008744539082,0.19701290130615234,250,[8788.652 8763.392 8853.508],[264.64237547 251.95426239 218.94030679],[8075. 8000. 8308.],[9334. 9219. 9294.]
472,250,793895566607.2936,389.8697189505731,0.215012788772583,250,[8790.524 8763.08  8851.768],[264.98134543 251.94701348 219.08156056],[8075. 8000. 8308.],[9334. 9219. 9294.]
473,250,793895566607.2936,389.50689569598,0.20101475715637207,250,[8791.04  8762.188 8853.024],[264.16091762 251.13362311 219.60726633],[8075. 8000. 8308.],[9334. 9219. 9294.]
474,250,793895566607.2936,393.6652328463157,0.21901774406433105,245,[8791.112 8762.592 8846.968],[266.92348615 254.00075893 224.39775172],[8075. 8000. 8308.],[9334. 9219. 9294.]
475,250,793895566607.2936,395.03146169747356,0.2870218753814697,239,[8797.944 8754.972 8840.32 ],[268.24567259 262.23997257 227.42782943],[8075. 8000. 8308.],[9334. 9219. 9294.]
476,250,793895566607.2936,394.3945322125338,0.27302122116088867,241,[8796.716 8754.176 8843.552],[268.20704566 260.79512462 225.9090952 ],[8075. 8000. 8308.],[9334. 9219. 9294.]
477,250,793895566607.2936,394.7568342912282,0.3460254669189453,242,[8796.652 8753.996 8844.824],[270.04914163 264.11013609 224.04044506],[8075. 8000. 8308.],[9334. 9219. 9294.]
478,250,793895566607.2936,394.285899056783,0.2810184955596924,246,[8792.248 8763.532 8843.668],[268.96761607 259.76739013 224.12014139],[8075. 8000. 8308.],[9334. 9219. 9294.]
479,250,793895566607.2936,394.5234834489529,0.4275991916656494,245,[8789.932 8764.644 8844.54 ],[271.43918541 260.18834191 222.35400693],[8075. 8000. 8308.],[9334. 9219. 9294.]
480,250,794226152987.6575,393.2678762516136,0.3880276679992676,248,[8795.972 8761.296 8845.352],[267.13439916 259.35962751 221.71221909],[8075. 8000. 8308.],[9334. 9222. 9294.]
481,250,794226152987.6575,391.51283100936047,0.48003554344177246,244,[8801.512 8755.312 8843.732],[266.29304508 258.22301729 223.92301395],[8075. 8000. 8308.],[9334. 9222. 9294.]
482,250,794226152987.6575,390.3148967022417,0.34702420234680176,245,[8801.6   8757.416 8842.764],[267.04402633 257.44833063 223.69068891],[8075. 8000. 8308.],[9334. 9222. 9294.]
483,250,794226152987.6575,390.7858456247989,0.3400256633758545,246,[8803.016 8759.036 8841.1  ],[263.94816109 258.49390458 224.5024766 ],[8075. 8000. 8308.],[9334. 9222. 9294.]
484,250,794226152987.6575,392.4312774314535,0.25201964378356934,247,[8807.508 8752.976 8843.04 ],[263.92274994 263.63151447 223.06108222],[8075. 7968. 8308.],[9334. 9222. 9294.]
485,250,794226152987.6575,392.4312774314535,0.2590203285217285,247,[8805.048 8756.2   8843.26 ],[263.90203807 262.97536006 222.96080463],[8075. 7968. 8308.],[9334. 9222. 9294.]
486,250,794226152987.6575,391.74326703924714,0.288022518157959,249,[8805.772 8756.404 8844.892],[262.7665428  258.39370113 223.37306985],[8075. 7968. 8308.],[9334. 9222. 9294.]
487,250,794226152987.6575,391.1344732083117,0.28802061080932617,248,[8806.76  8754.888 8846.012],[262.34706478 257.60707183 224.4321275 ],[8075. 7968. 8308.],[9334. 9222. 9294.]
488,250,794226152987.6575,392.1527109942542,0.23202037811279297,250,[8806.536 8757.736 8843.564],[260.75458328 258.51756285 223.624663  ],[8075. 7968. 8308.],[9334. 9222. 9294.]
489,250,794226152987.6575,392.1527109942543,0.26401734352111816,250,[8806.536 8757.736 8843.564],[260.75458328 258.51756285 223.624663  ],[8075. 7968. 8308.],[9334. 9222. 9294.]
490,250,794256393377.2815,392.7778831745568,0.23801589012145996,250,[8808.092 8757.288 8841.984],[261.79479662 258.78990138 223.24968924],[8075. 7968. 8308.],[9334. 9222. 9294.]
491,250,794256393377.2815,394.662920917088,0.25301432609558105,250,[8805.696 8758.824 8842.104],[263.29138912 260.40579299 223.63308607],[8075. 7968. 8308.],[9334. 9238. 9294.]
492,250,794256393377.2815,395.34835575613187,0.20601582527160645,250,[8805.24  8758.952 8842.684],[263.46671592 260.46135548 223.92355871],[8075. 7968. 8308.],[9334. 9238. 9294.]
493,250,794256393377.2815,397.1091150117024,0.26302027702331543,250,[8806.176 8758.8   8840.612],[263.94345043 260.91459139 225.31413949],[8075. 7968. 8308.],[9334. 9238. 9294.]
494,250,794256393377.2815,403.40888081053157,0.19901442527770996,250,[8808.676 8753.592 8838.764],[266.51909317 267.04918187 228.21631034],[8075. 7968. 8308.],[9334. 9238. 9294.]
495,250,794256393377.2815,403.59964873304193,0.1980149745941162,250,[8811.02  8750.984 8838.836],[266.15079109 267.56220911 228.02328193],[8075. 7968. 8308.],[9334. 9238. 9294.]
496,250,794256393377.2815,396.9981137004962,0.23801922798156738,245,[8824.028 8736.6   8839.768],[258.32131003 266.44073262 232.4578116 ],[8075. 7968. 8308.],[9334. 9238. 9294.]
497,250,794256393377.2815,396.0639852541739,0.2500193119049072,248,[8827.464 8733.9   8842.496],[253.86498913 264.83154268 230.82610334],[8075. 7897. 8308.],[9334. 9238. 9294.]
498,250,794256393377.2815,395.20286218542554,0.2760188579559326,249,[8826.492 8739.296 8840.852],[253.55995334 260.05802503 230.47333489],[8075. 7968. 8308.],[9334. 9238. 9294.]
499,250,795463074619.5099,394.6396400448037,0.33902764320373535,250,[8828.404 8737.464 8841.724],[252.83919155 259.31290886 230.04809894],[8075. 7968. 8308.],[9334. 9238. 9294.]
